0.00,0.00,0.00
0.00,3.03,0.00
0.00,6.06,0.00
0.00,9.09,0.00
0.00,12.12,0.00
0.00,15.15,0.00
0.00,18.18,0.00
0.00,21.21,0.00
0.00,24.24,0.00
0.00,27.27,0.00
0.00,30.30,0.00
0.00,33.33,0.00
0.00,36.36,0.00
0.00,39.39,0.00
0.00,42.42,0.00
0.00,45.45,0.00
0.00,48.48,0.00
0.00,51.52,0.00
0.00,54.55,0.00
0.00,57.58,0.00
0.00,60.61,0.00
0.00,63.64,0.00
0.00,66.67,0.00
0.00,69.70,0.00
0.00,72.73,0.00
0.00,75.76,0.00
0.00,78.79,0.00
0.00,81.82,0.00
0.00,84.85,0.00
0.00,87.88,0.00
0.00,90.91,0.00
0.00,93.94,0.00
0.00,96.97,0.00
0.00,100.00,0.00
0.00,103.03,0.00
0.00,106.06,0.00
0.00,109.09,0.00
0.00,112.12,0.00
0.00,115.15,0.00
0.00,118.18,0.00
0.00,121.21,0.00
0.00,124.24,0.00
0.00,127.27,0.00
0.00,130.30,0.00
0.00,133.33,0.00
0.00,136.36,0.00
0.00,139.39,0.00
0.00,142.42,0.00
0.00,145.45,0.00
0.00,148.48,0.00
0.00,151.52,0.00
0.00,154.55,0.00
0.00,157.58,0.00
0.00,160.61,0.00
0.00,163.64,0.00
0.00,166.67,0.00
0.00,169.70,0.00
0.00,172.73,0.00
0.00,175.76,0.00
0.00,178.79,0.00
0.00,181.82,0.00
0.00,184.85,0.00
0.00,187.88,0.00
0.00,190.91,0.00
0.00,193.94,0.00
0.00,196.97,0.00
0.00,200.00,0.00
0.00,203.03,0.00
0.00,206.06,0.00
0.00,209.09,0.00
0.00,212.12,0.00
0.00,215.15,0.00
0.00,218.18,0.00
0.00,221.21,0.00
0.00,224.24,0.00
0.00,227.27,0.00
0.00,230.30,0.00
0.00,233.33,0.00
0.00,236.36,0.00
0.00,239.39,0.00
0.00,242.42,0.00
0.00,245.45,0.00
0.00,248.48,0.00
0.00,251.52,0.00
0.00,254.55,0.00
0.00,257.58,0.00
0.00,260.61,0.00
0.00,263.64,0.00
0.00,266.67,0.00
0.00,269.70,0.00
0.00,272.73,0.00
0.00,275.76,0.00
0.00,278.79,0.00
0.00,281.82,0.00
0.00,284.85,0.00
0.00,287.88,0.00
0.00,290.91,0.00
0.00,293.94,0.00
0.00,296.97,0.00
0.00,300.00,0.00
3.03,0.00,0.00
3.03,3.03,0.00
3.03,6.06,0.00
3.03,9.09,0.00
3.03,12.12,0.00
3.03,15.15,0.00
3.03,18.18,0.00
3.03,21.21,0.00
3.03,24.24,0.00
3.03,27.27,0.00
3.03,30.30,0.00
3.03,33.33,0.00
3.03,36.36,0.00
3.03,39.39,0.00
3.03,42.42,0.00
3.03,45.45,0.00
3.03,48.48,0.00
3.03,51.52,0.00
3.03,54.55,0.00
3.03,57.58,0.00
3.03,60.61,0.00
3.03,63.64,0.00
3.03,66.67,0.00
3.03,69.70,0.00
3.03,72.73,0.00
3.03,75.76,0.00
3.03,78.79,0.00
3.03,81.82,0.00
3.03,84.85,0.00
3.03,87.88,0.00
3.03,90.91,0.00
3.03,93.94,0.00
3.03,96.97,0.00
3.03,100.00,0.00
3.03,103.03,0.00
3.03,106.06,0.00
3.03,109.09,0.00
3.03,112.12,0.00
3.03,115.15,0.00
3.03,118.18,0.00
3.03,121.21,0.00
3.03,124.24,0.00
3.03,127.27,0.00
3.03,130.30,0.00
3.03,133.33,0.00
3.03,136.36,0.00
3.03,139.39,0.00
3.03,142.42,0.00
3.03,145.45,0.00
3.03,148.48,0.00
3.03,151.52,0.00
3.03,154.55,0.00
3.03,157.58,0.00
3.03,160.61,0.00
3.03,163.64,0.00
3.03,166.67,0.00
3.03,169.70,0.00
3.03,172.73,0.00
3.03,175.76,0.00
3.03,178.79,0.00
3.03,181.82,0.00
3.03,184.85,0.00
3.03,187.88,0.00
3.03,190.91,0.00
3.03,193.94,0.00
3.03,196.97,0.00
3.03,200.00,0.00
3.03,203.03,0.00
3.03,206.06,0.00
3.03,209.09,0.00
3.03,212.12,0.00
3.03,215.15,0.00
3.03,218.18,0.00
3.03,221.21,0.00
3.03,224.24,0.00
3.03,227.27,0.00
3.03,230.30,0.00
3.03,233.33,0.00
3.03,236.36,0.00
3.03,239.39,0.00
3.03,242.42,0.00
3.03,245.45,0.00
3.03,248.48,0.00
3.03,251.52,0.00
3.03,254.55,0.00
3.03,257.58,0.00
3.03,260.61,0.00
3.03,263.64,0.00
3.03,266.67,0.00
3.03,269.70,0.00
3.03,272.73,0.00
3.03,275.76,0.00
3.03,278.79,0.00
3.03,281.82,0.00
3.03,284.85,0.00
3.03,287.88,0.00
3.03,290.91,0.00
3.03,293.94,0.00
3.03,296.97,0.00
3.03,300.00,0.00
6.06,0.00,0.00
6.06,3.03,0.00
6.06,6.06,0.00
6.06,9.09,0.00
6.06,12.12,0.00
6.06,15.15,0.00
6.06,18.18,0.00
6.06,21.21,0.00
6.06,24.24,0.00
6.06,27.27,0.00
6.06,30.30,0.00
6.06,33.33,0.00
6.06,36.36,0.00
6.06,39.39,0.00
6.06,42.42,0.00
6.06,45.45,0.00
6.06,48.48,0.00
6.06,51.52,0.00
6.06,54.55,0.00
6.06,57.58,0.00
6.06,60.61,0.00
6.06,63.64,0.00
6.06,66.67,0.00
6.06,69.70,0.00
6.06,72.73,0.00
6.06,75.76,0.00
6.06,78.79,0.00
6.06,81.82,0.00
6.06,84.85,0.00
6.06,87.88,0.00
6.06,90.91,0.00
6.06,93.94,0.00
6.06,96.97,0.00
6.06,100.00,0.00
6.06,103.03,0.00
6.06,106.06,0.00
6.06,109.09,0.00
6.06,112.12,0.00
6.06,115.15,0.00
6.06,118.18,0.00
6.06,121.21,0.00
6.06,124.24,0.00
6.06,127.27,0.00
6.06,130.30,0.00
6.06,133.33,0.00
6.06,136.36,0.00
6.06,139.39,0.00
6.06,142.42,0.00
6.06,145.45,0.00
6.06,148.48,0.00
6.06,151.52,0.00
6.06,154.55,0.00
6.06,157.58,0.00
6.06,160.61,0.00
6.06,163.64,0.00
6.06,166.67,0.00
6.06,169.70,0.00
6.06,172.73,0.00
6.06,175.76,0.00
6.06,178.79,0.00
6.06,181.82,0.00
6.06,184.85,0.00
6.06,187.88,0.00
6.06,190.91,0.00
6.06,193.94,0.00
6.06,196.97,0.00
6.06,200.00,0.00
6.06,203.03,0.00
6.06,206.06,0.00
6.06,209.09,0.00
6.06,212.12,0.00
6.06,215.15,0.00
6.06,218.18,0.00
6.06,221.21,0.00
6.06,224.24,0.00
6.06,227.27,0.00
6.06,230.30,0.00
6.06,233.33,0.00
6.06,236.36,0.00
6.06,239.39,0.00
6.06,242.42,0.00
6.06,245.45,0.00
6.06,248.48,0.00
6.06,251.52,0.00
6.06,254.55,0.00
6.06,257.58,0.00
6.06,260.61,0.00
6.06,263.64,0.00
6.06,266.67,0.00
6.06,269.70,0.00
6.06,272.73,0.00
6.06,275.76,0.00
6.06,278.79,0.00
6.06,281.82,0.00
6.06,284.85,0.00
6.06,287.88,0.00
6.06,290.91,0.00
6.06,293.94,0.00
6.06,296.97,0.00
6.06,300.00,0.00
9.09,0.00,0.00
9.09,3.03,0.00
9.09,6.06,0.00
9.09,9.09,0.00
9.09,12.12,0.00
9.09,15.15,0.00
9.09,18.18,0.00
9.09,21.21,0.00
9.09,24.24,0.00
9.09,27.27,0.00
9.09,30.30,0.00
9.09,33.33,0.00
9.09,36.36,0.00
9.09,39.39,0.00
9.09,42.42,0.00
9.09,45.45,0.00
9.09,48.48,0.00
9.09,51.52,0.00
9.09,54.55,0.00
9.09,57.58,0.00
9.09,60.61,0.00
9.09,63.64,0.00
9.09,66.67,0.00
9.09,69.70,0.00
9.09,72.73,0.00
9.09,75.76,0.00
9.09,78.79,0.00
9.09,81.82,0.00
9.09,84.85,0.00
9.09,87.88,0.00
9.09,90.91,0.00
9.09,93.94,0.00
9.09,96.97,0.00
9.09,100.00,0.00
9.09,103.03,0.00
9.09,106.06,0.00
9.09,109.09,0.00
9.09,112.12,0.00
9.09,115.15,0.00
9.09,118.18,0.00
9.09,121.21,0.00
9.09,124.24,0.00
9.09,127.27,0.00
9.09,130.30,0.00
9.09,133.33,0.00
9.09,136.36,0.00
9.09,139.39,0.00
9.09,142.42,0.00
9.09,145.45,0.00
9.09,148.48,0.00
9.09,151.52,0.00
9.09,154.55,0.00
9.09,157.58,0.00
9.09,160.61,0.00
9.09,163.64,0.00
9.09,166.67,0.00
9.09,169.70,0.00
9.09,172.73,0.00
9.09,175.76,0.00
9.09,178.79,0.00
9.09,181.82,0.00
9.09,184.85,0.00
9.09,187.88,0.00
9.09,190.91,0.00
9.09,193.94,0.00
9.09,196.97,0.00
9.09,200.00,0.00
9.09,203.03,0.00
9.09,206.06,0.00
9.09,209.09,0.00
9.09,212.12,0.00
9.09,215.15,0.00
9.09,218.18,0.00
9.09,221.21,0.00
9.09,224.24,0.00
9.09,227.27,0.00
9.09,230.30,0.00
9.09,233.33,0.00
9.09,236.36,0.00
9.09,239.39,0.00
9.09,242.42,0.00
9.09,245.45,0.00
9.09,248.48,0.00
9.09,251.52,0.00
9.09,254.55,0.00
9.09,257.58,0.00
9.09,260.61,0.00
9.09,263.64,0.00
9.09,266.67,0.00
9.09,269.70,0.00
9.09,272.73,0.00
9.09,275.76,0.00
9.09,278.79,0.00
9.09,281.82,0.00
9.09,284.85,0.00
9.09,287.88,0.00
9.09,290.91,0.00
9.09,293.94,0.00
9.09,296.97,0.00
9.09,300.00,0.00
12.12,0.00,0.00
12.12,3.03,0.00
12.12,6.06,0.00
12.12,9.09,0.00
12.12,12.12,0.00
12.12,15.15,0.00
12.12,18.18,0.00
12.12,21.21,0.00
12.12,24.24,0.00
12.12,27.27,0.00
12.12,30.30,0.00
12.12,33.33,0.00
12.12,36.36,0.00
12.12,39.39,0.00
12.12,42.42,0.00
12.12,45.45,0.00
12.12,48.48,0.00
12.12,51.52,0.00
12.12,54.55,0.00
12.12,57.58,0.00
12.12,60.61,0.00
12.12,63.64,0.00
12.12,66.67,0.00
12.12,69.70,0.00
12.12,72.73,0.00
12.12,75.76,0.00
12.12,78.79,0.00
12.12,81.82,0.00
12.12,84.85,0.00
12.12,87.88,0.00
12.12,90.91,0.00
12.12,93.94,0.00
12.12,96.97,0.00
12.12,100.00,0.00
12.12,103.03,0.00
12.12,106.06,0.00
12.12,109.09,0.00
12.12,112.12,0.00
12.12,115.15,0.00
12.12,118.18,0.00
12.12,121.21,0.00
12.12,124.24,0.00
12.12,127.27,0.00
12.12,130.30,0.00
12.12,133.33,0.00
12.12,136.36,0.00
12.12,139.39,0.00
12.12,142.42,0.00
12.12,145.45,0.00
12.12,148.48,0.00
12.12,151.52,0.00
12.12,154.55,0.00
12.12,157.58,0.00
12.12,160.61,0.00
12.12,163.64,0.00
12.12,166.67,0.00
12.12,169.70,0.00
12.12,172.73,0.00
12.12,175.76,0.00
12.12,178.79,0.00
12.12,181.82,0.00
12.12,184.85,0.00
12.12,187.88,0.00
12.12,190.91,0.00
12.12,193.94,0.00
12.12,196.97,0.00
12.12,200.00,0.00
12.12,203.03,0.00
12.12,206.06,0.00
12.12,209.09,0.00
12.12,212.12,0.00
12.12,215.15,0.00
12.12,218.18,0.00
12.12,221.21,0.00
12.12,224.24,0.00
12.12,227.27,0.00
12.12,230.30,0.00
12.12,233.33,0.00
12.12,236.36,0.00
12.12,239.39,0.00
12.12,242.42,0.00
12.12,245.45,0.00
12.12,248.48,0.00
12.12,251.52,0.00
12.12,254.55,0.00
12.12,257.58,0.00
12.12,260.61,0.00
12.12,263.64,0.00
12.12,266.67,0.00
12.12,269.70,0.00
12.12,272.73,0.00
12.12,275.76,0.00
12.12,278.79,0.00
12.12,281.82,0.00
12.12,284.85,0.00
12.12,287.88,0.00
12.12,290.91,0.00
12.12,293.94,0.00
12.12,296.97,0.00
12.12,300.00,0.00
15.15,0.00,0.00
15.15,3.03,0.00
15.15,6.06,0.00
15.15,9.09,0.00
15.15,12.12,0.00
15.15,15.15,0.00
15.15,18.18,0.00
15.15,21.21,0.00
15.15,24.24,0.00
15.15,27.27,0.00
15.15,30.30,0.00
15.15,33.33,0.00
15.15,36.36,0.00
15.15,39.39,0.00
15.15,42.42,0.00
15.15,45.45,0.00
15.15,48.48,0.00
15.15,51.52,0.00
15.15,54.55,0.00
15.15,57.58,0.00
15.15,60.61,0.00
15.15,63.64,0.00
15.15,66.67,0.00
15.15,69.70,0.00
15.15,72.73,0.00
15.15,75.76,0.00
15.15,78.79,0.00
15.15,81.82,0.00
15.15,84.85,0.00
15.15,87.88,0.00
15.15,90.91,0.00
15.15,93.94,0.00
15.15,96.97,0.00
15.15,100.00,0.00
15.15,103.03,0.00
15.15,106.06,0.00
15.15,109.09,0.00
15.15,112.12,0.00
15.15,115.15,0.00
15.15,118.18,0.00
15.15,121.21,0.00
15.15,124.24,0.00
15.15,127.27,0.00
15.15,130.30,0.00
15.15,133.33,0.00
15.15,136.36,0.00
15.15,139.39,0.00
15.15,142.42,0.00
15.15,145.45,0.00
15.15,148.48,0.00
15.15,151.52,0.00
15.15,154.55,0.00
15.15,157.58,0.00
15.15,160.61,0.00
15.15,163.64,0.00
15.15,166.67,0.00
15.15,169.70,0.00
15.15,172.73,0.00
15.15,175.76,0.00
15.15,178.79,0.00
15.15,181.82,0.00
15.15,184.85,0.00
15.15,187.88,0.00
15.15,190.91,0.00
15.15,193.94,0.00
15.15,196.97,0.00
15.15,200.00,0.00
15.15,203.03,0.00
15.15,206.06,0.00
15.15,209.09,0.00
15.15,212.12,0.00
15.15,215.15,0.00
15.15,218.18,0.00
15.15,221.21,0.00
15.15,224.24,0.00
15.15,227.27,0.00
15.15,230.30,0.00
15.15,233.33,0.00
15.15,236.36,0.00
15.15,239.39,0.00
15.15,242.42,0.00
15.15,245.45,0.00
15.15,248.48,0.00
15.15,251.52,0.00
15.15,254.55,0.00
15.15,257.58,0.00
15.15,260.61,0.00
15.15,263.64,0.00
15.15,266.67,0.00
15.15,269.70,0.00
15.15,272.73,0.00
15.15,275.76,0.00
15.15,278.79,0.00
15.15,281.82,0.00
15.15,284.85,0.00
15.15,287.88,0.00
15.15,290.91,0.00
15.15,293.94,0.00
15.15,296.97,0.00
15.15,300.00,0.00
18.18,0.00,0.00
18.18,3.03,0.00
18.18,6.06,0.00
18.18,9.09,0.00
18.18,12.12,0.00
18.18,15.15,0.00
18.18,18.18,0.00
18.18,21.21,0.00
18.18,24.24,0.00
18.18,27.27,0.00
18.18,30.30,0.00
18.18,33.33,0.00
18.18,36.36,0.00
18.18,39.39,0.00
18.18,42.42,0.00
18.18,45.45,0.00
18.18,48.48,0.00
18.18,51.52,0.00
18.18,54.55,0.00
18.18,57.58,0.00
18.18,60.61,0.00
18.18,63.64,0.00
18.18,66.67,0.00
18.18,69.70,0.00
18.18,72.73,0.00
18.18,75.76,0.00
18.18,78.79,0.00
18.18,81.82,0.00
18.18,84.85,0.00
18.18,87.88,0.00
18.18,90.91,0.00
18.18,93.94,0.00
18.18,96.97,0.00
18.18,100.00,0.00
18.18,103.03,0.00
18.18,106.06,0.00
18.18,109.09,0.00
18.18,112.12,0.00
18.18,115.15,0.00
18.18,118.18,0.00
18.18,121.21,0.00
18.18,124.24,0.00
18.18,127.27,0.00
18.18,130.30,0.00
18.18,133.33,0.00
18.18,136.36,0.00
18.18,139.39,0.00
18.18,142.42,0.00
18.18,145.45,0.00
18.18,148.48,0.00
18.18,151.52,0.00
18.18,154.55,0.00
18.18,157.58,0.00
18.18,160.61,0.00
18.18,163.64,0.00
18.18,166.67,0.00
18.18,169.70,0.00
18.18,172.73,0.00
18.18,175.76,0.00
18.18,178.79,0.00
18.18,181.82,0.00
18.18,184.85,0.00
18.18,187.88,0.00
18.18,190.91,0.00
18.18,193.94,0.00
18.18,196.97,0.00
18.18,200.00,0.00
18.18,203.03,0.00
18.18,206.06,0.00
18.18,209.09,0.00
18.18,212.12,0.00
18.18,215.15,0.00
18.18,218.18,0.00
18.18,221.21,0.00
18.18,224.24,0.00
18.18,227.27,0.00
18.18,230.30,0.00
18.18,233.33,0.00
18.18,236.36,0.00
18.18,239.39,0.00
18.18,242.42,0.00
18.18,245.45,0.00
18.18,248.48,0.00
18.18,251.52,0.00
18.18,254.55,0.00
18.18,257.58,0.00
18.18,260.61,0.00
18.18,263.64,0.00
18.18,266.67,0.00
18.18,269.70,0.00
18.18,272.73,0.00
18.18,275.76,0.00
18.18,278.79,0.00
18.18,281.82,0.00
18.18,284.85,0.00
18.18,287.88,0.00
18.18,290.91,0.00
18.18,293.94,0.00
18.18,296.97,0.00
18.18,300.00,0.00
21.21,0.00,0.00
21.21,3.03,0.00
21.21,6.06,0.00
21.21,9.09,0.00
21.21,12.12,0.00
21.21,15.15,0.00
21.21,18.18,0.00
21.21,21.21,0.00
21.21,24.24,0.00
21.21,27.27,0.00
21.21,30.30,0.00
21.21,33.33,0.00
21.21,36.36,0.00
21.21,39.39,0.00
21.21,42.42,0.00
21.21,45.45,0.00
21.21,48.48,0.00
21.21,51.52,0.00
21.21,54.55,0.00
21.21,57.58,0.00
21.21,60.61,0.00
21.21,63.64,0.00
21.21,66.67,0.00
21.21,69.70,0.00
21.21,72.73,0.00
21.21,75.76,0.00
21.21,78.79,0.00
21.21,81.82,0.00
21.21,84.85,0.00
21.21,87.88,0.00
21.21,90.91,0.00
21.21,93.94,0.00
21.21,96.97,0.00
21.21,100.00,0.00
21.21,103.03,0.00
21.21,106.06,0.00
21.21,109.09,0.00
21.21,112.12,0.00
21.21,115.15,0.00
21.21,118.18,0.00
21.21,121.21,0.00
21.21,124.24,0.00
21.21,127.27,0.00
21.21,130.30,0.00
21.21,133.33,0.00
21.21,136.36,0.00
21.21,139.39,0.00
21.21,142.42,0.00
21.21,145.45,0.00
21.21,148.48,0.00
21.21,151.52,0.00
21.21,154.55,0.00
21.21,157.58,0.00
21.21,160.61,0.00
21.21,163.64,0.00
21.21,166.67,0.00
21.21,169.70,0.00
21.21,172.73,0.00
21.21,175.76,0.00
21.21,178.79,0.00
21.21,181.82,0.00
21.21,184.85,0.00
21.21,187.88,0.00
21.21,190.91,0.00
21.21,193.94,0.00
21.21,196.97,0.00
21.21,200.00,0.00
21.21,203.03,0.00
21.21,206.06,0.00
21.21,209.09,0.00
21.21,212.12,0.00
21.21,215.15,0.00
21.21,218.18,0.00
21.21,221.21,0.00
21.21,224.24,0.00
21.21,227.27,0.00
21.21,230.30,0.00
21.21,233.33,0.00
21.21,236.36,0.00
21.21,239.39,0.00
21.21,242.42,0.00
21.21,245.45,0.00
21.21,248.48,0.00
21.21,251.52,0.00
21.21,254.55,0.00
21.21,257.58,0.00
21.21,260.61,0.00
21.21,263.64,0.00
21.21,266.67,0.00
21.21,269.70,0.00
21.21,272.73,0.00
21.21,275.76,0.00
21.21,278.79,0.00
21.21,281.82,0.00
21.21,284.85,0.00
21.21,287.88,0.00
21.21,290.91,0.00
21.21,293.94,0.00
21.21,296.97,0.00
21.21,300.00,0.00
24.24,0.00,0.00
24.24,3.03,0.00
24.24,6.06,0.00
24.24,9.09,0.00
24.24,12.12,0.00
24.24,15.15,0.00
24.24,18.18,0.00
24.24,21.21,0.00
24.24,24.24,0.00
24.24,27.27,0.00
24.24,30.30,0.00
24.24,33.33,0.00
24.24,36.36,0.00
24.24,39.39,0.00
24.24,42.42,0.00
24.24,45.45,0.00
24.24,48.48,0.00
24.24,51.52,0.00
24.24,54.55,0.00
24.24,57.58,0.00
24.24,60.61,0.00
24.24,63.64,0.00
24.24,66.67,0.00
24.24,69.70,0.00
24.24,72.73,0.00
24.24,75.76,0.00
24.24,78.79,0.00
24.24,81.82,0.00
24.24,84.85,0.00
24.24,87.88,0.00
24.24,90.91,0.00
24.24,93.94,0.00
24.24,96.97,0.00
24.24,100.00,0.00
24.24,103.03,0.00
24.24,106.06,0.00
24.24,109.09,0.00
24.24,112.12,0.00
24.24,115.15,0.00
24.24,118.18,0.00
24.24,121.21,0.00
24.24,124.24,0.00
24.24,127.27,0.00
24.24,130.30,0.00
24.24,133.33,0.00
24.24,136.36,0.00
24.24,139.39,0.00
24.24,142.42,0.00
24.24,145.45,0.00
24.24,148.48,0.00
24.24,151.52,0.00
24.24,154.55,0.00
24.24,157.58,0.00
24.24,160.61,0.00
24.24,163.64,0.00
24.24,166.67,0.00
24.24,169.70,0.00
24.24,172.73,0.00
24.24,175.76,0.00
24.24,178.79,0.00
24.24,181.82,0.00
24.24,184.85,0.00
24.24,187.88,0.00
24.24,190.91,0.00
24.24,193.94,0.00
24.24,196.97,0.00
24.24,200.00,0.00
24.24,203.03,0.00
24.24,206.06,0.00
24.24,209.09,0.00
24.24,212.12,0.00
24.24,215.15,0.00
24.24,218.18,0.00
24.24,221.21,0.00
24.24,224.24,0.00
24.24,227.27,0.00
24.24,230.30,0.00
24.24,233.33,0.00
24.24,236.36,0.00
24.24,239.39,0.00
24.24,242.42,0.00
24.24,245.45,0.00
24.24,248.48,0.00
24.24,251.52,0.00
24.24,254.55,0.00
24.24,257.58,0.00
24.24,260.61,0.00
24.24,263.64,0.00
24.24,266.67,0.00
24.24,269.70,0.00
24.24,272.73,0.00
24.24,275.76,0.00
24.24,278.79,0.00
24.24,281.82,0.00
24.24,284.85,0.00
24.24,287.88,0.00
24.24,290.91,0.00
24.24,293.94,0.00
24.24,296.97,0.00
24.24,300.00,0.00
27.27,0.00,0.00
27.27,3.03,0.00
27.27,6.06,0.00
27.27,9.09,0.00
27.27,12.12,0.00
27.27,15.15,0.00
27.27,18.18,0.00
27.27,21.21,0.00
27.27,24.24,0.00
27.27,27.27,0.00
27.27,30.30,0.00
27.27,33.33,0.00
27.27,36.36,0.00
27.27,39.39,0.00
27.27,42.42,0.00
27.27,45.45,0.00
27.27,48.48,0.00
27.27,51.52,0.00
27.27,54.55,0.00
27.27,57.58,0.00
27.27,60.61,0.00
27.27,63.64,0.00
27.27,66.67,0.00
27.27,69.70,0.00
27.27,72.73,0.00
27.27,75.76,0.00
27.27,78.79,0.00
27.27,81.82,0.00
27.27,84.85,0.00
27.27,87.88,0.00
27.27,90.91,0.00
27.27,93.94,0.00
27.27,96.97,0.00
27.27,100.00,0.00
27.27,103.03,0.00
27.27,106.06,0.00
27.27,109.09,0.00
27.27,112.12,0.00
27.27,115.15,0.00
27.27,118.18,0.00
27.27,121.21,0.00
27.27,124.24,0.00
27.27,127.27,0.00
27.27,130.30,0.00
27.27,133.33,0.00
27.27,136.36,0.00
27.27,139.39,0.00
27.27,142.42,0.00
27.27,145.45,0.00
27.27,148.48,0.00
27.27,151.52,0.00
27.27,154.55,0.00
27.27,157.58,0.00
27.27,160.61,0.00
27.27,163.64,0.00
27.27,166.67,0.00
27.27,169.70,0.00
27.27,172.73,0.00
27.27,175.76,0.00
27.27,178.79,0.00
27.27,181.82,0.00
27.27,184.85,0.00
27.27,187.88,0.00
27.27,190.91,0.00
27.27,193.94,0.00
27.27,196.97,0.00
27.27,200.00,0.00
27.27,203.03,0.00
27.27,206.06,0.00
27.27,209.09,0.00
27.27,212.12,0.00
27.27,215.15,0.00
27.27,218.18,0.00
27.27,221.21,0.00
27.27,224.24,0.00
27.27,227.27,0.00
27.27,230.30,0.00
27.27,233.33,0.00
27.27,236.36,0.00
27.27,239.39,0.00
27.27,242.42,0.00
27.27,245.45,0.00
27.27,248.48,0.00
27.27,251.52,0.00
27.27,254.55,0.00
27.27,257.58,0.00
27.27,260.61,0.00
27.27,263.64,0.00
27.27,266.67,0.00
27.27,269.70,0.00
27.27,272.73,0.00
27.27,275.76,0.00
27.27,278.79,0.00
27.27,281.82,0.00
27.27,284.85,0.00
27.27,287.88,0.00
27.27,290.91,0.00
27.27,293.94,0.00
27.27,296.97,0.00
27.27,300.00,0.00
30.30,0.00,0.00
30.30,3.03,0.00
30.30,6.06,0.00
30.30,9.09,0.00
30.30,12.12,0.00
30.30,15.15,0.00
30.30,18.18,0.00
30.30,21.21,0.00
30.30,24.24,0.00
30.30,27.27,0.00
30.30,30.30,0.00
30.30,33.33,0.00
30.30,36.36,0.00
30.30,39.39,0.00
30.30,42.42,0.00
30.30,45.45,0.00
30.30,48.48,0.00
30.30,51.52,0.00
30.30,54.55,0.00
30.30,57.58,0.00
30.30,60.61,0.00
30.30,63.64,0.00
30.30,66.67,0.00
30.30,69.70,0.00
30.30,72.73,0.00
30.30,75.76,0.00
30.30,78.79,0.00
30.30,81.82,0.00
30.30,84.85,0.00
30.30,87.88,0.00
30.30,90.91,0.00
30.30,93.94,0.00
30.30,96.97,0.00
30.30,100.00,0.00
30.30,103.03,0.00
30.30,106.06,0.00
30.30,109.09,0.00
30.30,112.12,0.00
30.30,115.15,0.00
30.30,118.18,0.00
30.30,121.21,0.00
30.30,124.24,0.00
30.30,127.27,0.00
30.30,130.30,0.00
30.30,133.33,0.00
30.30,136.36,0.00
30.30,139.39,0.00
30.30,142.42,0.00
30.30,145.45,0.00
30.30,148.48,0.00
30.30,151.52,0.00
30.30,154.55,0.00
30.30,157.58,0.00
30.30,160.61,0.00
30.30,163.64,0.00
30.30,166.67,0.00
30.30,169.70,0.00
30.30,172.73,0.00
30.30,175.76,0.00
30.30,178.79,0.00
30.30,181.82,0.00
30.30,184.85,0.00
30.30,187.88,0.00
30.30,190.91,0.00
30.30,193.94,0.00
30.30,196.97,0.00
30.30,200.00,0.00
30.30,203.03,0.00
30.30,206.06,0.00
30.30,209.09,0.00
30.30,212.12,0.00
30.30,215.15,0.00
30.30,218.18,0.00
30.30,221.21,0.00
30.30,224.24,0.00
30.30,227.27,0.00
30.30,230.30,0.00
30.30,233.33,0.00
30.30,236.36,0.00
30.30,239.39,0.00
30.30,242.42,0.00
30.30,245.45,0.00
30.30,248.48,0.00
30.30,251.52,0.00
30.30,254.55,0.00
30.30,257.58,0.00
30.30,260.61,0.00
30.30,263.64,0.00
30.30,266.67,0.00
30.30,269.70,0.00
30.30,272.73,0.00
30.30,275.76,0.00
30.30,278.79,0.00
30.30,281.82,0.00
30.30,284.85,0.00
30.30,287.88,0.00
30.30,290.91,0.00
30.30,293.94,0.00
30.30,296.97,0.00
30.30,300.00,0.00
33.33,0.00,0.00
33.33,3.03,0.00
33.33,6.06,0.00
33.33,9.09,0.00
33.33,12.12,0.00
33.33,15.15,0.00
33.33,18.18,0.00
33.33,21.21,0.00
33.33,24.24,0.00
33.33,27.27,0.00
33.33,30.30,0.00
33.33,33.33,0.00
33.33,36.36,0.00
33.33,39.39,0.00
33.33,42.42,0.00
33.33,45.45,0.00
33.33,48.48,0.00
33.33,51.52,0.00
33.33,54.55,0.00
33.33,57.58,0.00
33.33,60.61,0.00
33.33,63.64,0.00
33.33,66.67,0.00
33.33,69.70,0.00
33.33,72.73,0.00
33.33,75.76,0.00
33.33,78.79,0.00
33.33,81.82,0.00
33.33,84.85,0.00
33.33,87.88,0.00
33.33,90.91,0.00
33.33,93.94,0.00
33.33,96.97,0.00
33.33,100.00,0.00
33.33,103.03,0.00
33.33,106.06,0.00
33.33,109.09,0.00
33.33,112.12,0.00
33.33,115.15,0.00
33.33,118.18,0.00
33.33,121.21,0.00
33.33,124.24,0.00
33.33,127.27,0.00
33.33,130.30,0.00
33.33,133.33,0.00
33.33,136.36,0.00
33.33,139.39,0.00
33.33,142.42,0.00
33.33,145.45,0.00
33.33,148.48,0.00
33.33,151.52,0.00
33.33,154.55,0.00
33.33,157.58,0.00
33.33,160.61,0.00
33.33,163.64,0.00
33.33,166.67,0.00
33.33,169.70,0.00
33.33,172.73,0.00
33.33,175.76,0.00
33.33,178.79,0.00
33.33,181.82,0.00
33.33,184.85,0.00
33.33,187.88,0.00
33.33,190.91,0.00
33.33,193.94,0.00
33.33,196.97,0.00
33.33,200.00,0.00
33.33,203.03,0.00
33.33,206.06,0.00
33.33,209.09,0.00
33.33,212.12,0.00
33.33,215.15,0.00
33.33,218.18,0.00
33.33,221.21,0.00
33.33,224.24,0.00
33.33,227.27,0.00
33.33,230.30,0.00
33.33,233.33,0.00
33.33,236.36,0.00
33.33,239.39,0.00
33.33,242.42,0.00
33.33,245.45,0.00
33.33,248.48,0.00
33.33,251.52,0.00
33.33,254.55,0.00
33.33,257.58,0.00
33.33,260.61,0.00
33.33,263.64,0.00
33.33,266.67,0.00
33.33,269.70,0.00
33.33,272.73,0.00
33.33,275.76,0.00
33.33,278.79,0.00
33.33,281.82,0.00
33.33,284.85,0.00
33.33,287.88,0.00
33.33,290.91,0.00
33.33,293.94,0.00
33.33,296.97,0.00
33.33,300.00,0.00
36.36,0.00,0.00
36.36,3.03,0.00
36.36,6.06,0.00
36.36,9.09,0.00
36.36,12.12,0.00
36.36,15.15,0.00
36.36,18.18,0.00
36.36,21.21,0.00
36.36,24.24,0.00
36.36,27.27,0.00
36.36,30.30,0.00
36.36,33.33,0.00
36.36,36.36,0.00
36.36,39.39,0.00
36.36,42.42,0.00
36.36,45.45,0.00
36.36,48.48,0.00
36.36,51.52,0.00
36.36,54.55,0.00
36.36,57.58,0.00
36.36,60.61,0.00
36.36,63.64,0.00
36.36,66.67,0.00
36.36,69.70,0.00
36.36,72.73,0.00
36.36,75.76,0.00
36.36,78.79,0.00
36.36,81.82,0.00
36.36,84.85,0.00
36.36,87.88,0.00
36.36,90.91,0.00
36.36,93.94,0.00
36.36,96.97,0.00
36.36,100.00,0.00
36.36,103.03,0.00
36.36,106.06,0.00
36.36,109.09,0.00
36.36,112.12,0.00
36.36,115.15,0.00
36.36,118.18,0.00
36.36,121.21,0.00
36.36,124.24,0.00
36.36,127.27,0.00
36.36,130.30,0.00
36.36,133.33,0.00
36.36,136.36,0.00
36.36,139.39,0.00
36.36,142.42,0.00
36.36,145.45,0.00
36.36,148.48,0.00
36.36,151.52,0.00
36.36,154.55,0.00
36.36,157.58,0.00
36.36,160.61,0.00
36.36,163.64,0.00
36.36,166.67,0.00
36.36,169.70,0.00
36.36,172.73,0.00
36.36,175.76,0.00
36.36,178.79,0.00
36.36,181.82,0.00
36.36,184.85,0.00
36.36,187.88,0.00
36.36,190.91,0.00
36.36,193.94,0.00
36.36,196.97,0.00
36.36,200.00,0.00
36.36,203.03,0.00
36.36,206.06,0.00
36.36,209.09,0.00
36.36,212.12,0.00
36.36,215.15,0.00
36.36,218.18,0.00
36.36,221.21,0.00
36.36,224.24,0.00
36.36,227.27,0.00
36.36,230.30,0.00
36.36,233.33,0.00
36.36,236.36,0.00
36.36,239.39,0.00
36.36,242.42,0.00
36.36,245.45,0.00
36.36,248.48,0.00
36.36,251.52,0.00
36.36,254.55,0.00
36.36,257.58,0.00
36.36,260.61,0.00
36.36,263.64,0.00
36.36,266.67,0.00
36.36,269.70,0.00
36.36,272.73,0.00
36.36,275.76,0.00
36.36,278.79,0.00
36.36,281.82,0.00
36.36,284.85,0.00
36.36,287.88,0.00
36.36,290.91,0.00
36.36,293.94,0.00
36.36,296.97,0.00
36.36,300.00,0.00
39.39,0.00,0.00
39.39,3.03,0.00
39.39,6.06,0.00
39.39,9.09,0.00
39.39,12.12,0.00
39.39,15.15,0.00
39.39,18.18,0.00
39.39,21.21,0.00
39.39,24.24,0.00
39.39,27.27,0.00
39.39,30.30,0.00
39.39,33.33,0.00
39.39,36.36,0.00
39.39,39.39,0.00
39.39,42.42,0.00
39.39,45.45,0.00
39.39,48.48,0.00
39.39,51.52,0.00
39.39,54.55,0.00
39.39,57.58,0.00
39.39,60.61,0.00
39.39,63.64,0.00
39.39,66.67,0.00
39.39,69.70,0.00
39.39,72.73,0.00
39.39,75.76,0.00
39.39,78.79,0.00
39.39,81.82,0.00
39.39,84.85,0.00
39.39,87.88,0.00
39.39,90.91,0.00
39.39,93.94,0.00
39.39,96.97,0.00
39.39,100.00,0.00
39.39,103.03,0.00
39.39,106.06,0.00
39.39,109.09,0.00
39.39,112.12,0.00
39.39,115.15,0.00
39.39,118.18,0.00
39.39,121.21,0.00
39.39,124.24,0.00
39.39,127.27,0.00
39.39,130.30,0.00
39.39,133.33,0.00
39.39,136.36,0.00
39.39,139.39,0.00
39.39,142.42,0.00
39.39,145.45,0.00
39.39,148.48,0.00
39.39,151.52,0.00
39.39,154.55,0.00
39.39,157.58,0.00
39.39,160.61,0.00
39.39,163.64,0.00
39.39,166.67,0.00
39.39,169.70,0.00
39.39,172.73,0.00
39.39,175.76,0.00
39.39,178.79,0.00
39.39,181.82,0.00
39.39,184.85,0.00
39.39,187.88,0.00
39.39,190.91,0.00
39.39,193.94,0.00
39.39,196.97,0.00
39.39,200.00,0.00
39.39,203.03,0.00
39.39,206.06,0.00
39.39,209.09,0.00
39.39,212.12,0.00
39.39,215.15,0.00
39.39,218.18,0.00
39.39,221.21,0.00
39.39,224.24,0.00
39.39,227.27,0.00
39.39,230.30,0.00
39.39,233.33,0.00
39.39,236.36,0.00
39.39,239.39,0.00
39.39,242.42,0.00
39.39,245.45,0.00
39.39,248.48,0.00
39.39,251.52,0.00
39.39,254.55,0.00
39.39,257.58,0.00
39.39,260.61,0.00
39.39,263.64,0.00
39.39,266.67,0.00
39.39,269.70,0.00
39.39,272.73,0.00
39.39,275.76,0.00
39.39,278.79,0.00
39.39,281.82,0.00
39.39,284.85,0.00
39.39,287.88,0.00
39.39,290.91,0.00
39.39,293.94,0.00
39.39,296.97,0.00
39.39,300.00,0.00
42.42,0.00,0.00
42.42,3.03,0.00
42.42,6.06,0.00
42.42,9.09,0.00
42.42,12.12,0.00
42.42,15.15,0.00
42.42,18.18,0.00
42.42,21.21,0.00
42.42,24.24,0.00
42.42,27.27,0.00
42.42,30.30,0.00
42.42,33.33,0.00
42.42,36.36,0.00
42.42,39.39,0.00
42.42,42.42,0.00
42.42,45.45,0.00
42.42,48.48,0.00
42.42,51.52,0.00
42.42,54.55,0.00
42.42,57.58,0.00
42.42,60.61,0.00
42.42,63.64,0.00
42.42,66.67,0.00
42.42,69.70,0.00
42.42,72.73,0.00
42.42,75.76,0.00
42.42,78.79,0.00
42.42,81.82,0.00
42.42,84.85,0.00
42.42,87.88,0.00
42.42,90.91,0.00
42.42,93.94,0.00
42.42,96.97,0.00
42.42,100.00,0.00
42.42,103.03,0.00
42.42,106.06,0.00
42.42,109.09,0.00
42.42,112.12,0.00
42.42,115.15,0.00
42.42,118.18,0.00
42.42,121.21,0.00
42.42,124.24,0.00
42.42,127.27,0.00
42.42,130.30,0.00
42.42,133.33,0.00
42.42,136.36,0.00
42.42,139.39,0.00
42.42,142.42,0.00
42.42,145.45,0.00
42.42,148.48,0.00
42.42,151.52,0.00
42.42,154.55,0.00
42.42,157.58,0.00
42.42,160.61,0.00
42.42,163.64,0.00
42.42,166.67,0.00
42.42,169.70,0.00
42.42,172.73,0.00
42.42,175.76,0.00
42.42,178.79,0.00
42.42,181.82,0.00
42.42,184.85,0.00
42.42,187.88,0.00
42.42,190.91,0.00
42.42,193.94,0.00
42.42,196.97,0.00
42.42,200.00,0.00
42.42,203.03,0.00
42.42,206.06,0.00
42.42,209.09,0.00
42.42,212.12,0.00
42.42,215.15,0.00
42.42,218.18,0.00
42.42,221.21,0.00
42.42,224.24,0.00
42.42,227.27,0.00
42.42,230.30,0.00
42.42,233.33,0.00
42.42,236.36,0.00
42.42,239.39,0.00
42.42,242.42,0.00
42.42,245.45,0.00
42.42,248.48,0.00
42.42,251.52,0.00
42.42,254.55,0.00
42.42,257.58,0.00
42.42,260.61,0.00
42.42,263.64,0.00
42.42,266.67,0.00
42.42,269.70,0.00
42.42,272.73,0.00
42.42,275.76,0.00
42.42,278.79,0.00
42.42,281.82,0.00
42.42,284.85,0.00
42.42,287.88,0.00
42.42,290.91,0.00
42.42,293.94,0.00
42.42,296.97,0.00
42.42,300.00,0.00
45.45,0.00,0.00
45.45,3.03,0.00
45.45,6.06,0.00
45.45,9.09,0.00
45.45,12.12,0.00
45.45,15.15,0.00
45.45,18.18,0.00
45.45,21.21,0.00
45.45,24.24,0.00
45.45,27.27,0.00
45.45,30.30,0.00
45.45,33.33,0.00
45.45,36.36,0.00
45.45,39.39,0.00
45.45,42.42,0.00
45.45,45.45,0.00
45.45,48.48,0.00
45.45,51.52,0.00
45.45,54.55,0.00
45.45,57.58,0.00
45.45,60.61,0.00
45.45,63.64,0.00
45.45,66.67,0.00
45.45,69.70,0.00
45.45,72.73,0.00
45.45,75.76,0.00
45.45,78.79,0.00
45.45,81.82,0.00
45.45,84.85,0.00
45.45,87.88,0.00
45.45,90.91,0.00
45.45,93.94,0.00
45.45,96.97,0.00
45.45,100.00,0.00
45.45,103.03,0.00
45.45,106.06,0.00
45.45,109.09,0.00
45.45,112.12,0.00
45.45,115.15,0.00
45.45,118.18,0.00
45.45,121.21,0.00
45.45,124.24,0.00
45.45,127.27,0.00
45.45,130.30,0.00
45.45,133.33,0.00
45.45,136.36,0.00
45.45,139.39,0.00
45.45,142.42,0.00
45.45,145.45,0.00
45.45,148.48,0.00
45.45,151.52,0.00
45.45,154.55,0.00
45.45,157.58,0.00
45.45,160.61,0.00
45.45,163.64,0.00
45.45,166.67,0.00
45.45,169.70,0.00
45.45,172.73,0.00
45.45,175.76,0.00
45.45,178.79,0.00
45.45,181.82,0.00
45.45,184.85,0.00
45.45,187.88,0.00
45.45,190.91,0.00
45.45,193.94,0.00
45.45,196.97,0.00
45.45,200.00,0.00
45.45,203.03,0.00
45.45,206.06,0.00
45.45,209.09,0.00
45.45,212.12,0.00
45.45,215.15,0.00
45.45,218.18,0.00
45.45,221.21,0.00
45.45,224.24,0.00
45.45,227.27,0.00
45.45,230.30,0.00
45.45,233.33,0.00
45.45,236.36,0.00
45.45,239.39,0.00
45.45,242.42,0.00
45.45,245.45,0.00
45.45,248.48,0.00
45.45,251.52,0.00
45.45,254.55,0.00
45.45,257.58,0.00
45.45,260.61,0.00
45.45,263.64,0.00
45.45,266.67,0.00
45.45,269.70,0.00
45.45,272.73,0.00
45.45,275.76,0.00
45.45,278.79,0.00
45.45,281.82,0.00
45.45,284.85,0.00
45.45,287.88,0.00
45.45,290.91,0.00
45.45,293.94,0.00
45.45,296.97,0.00
45.45,300.00,0.00
48.48,0.00,0.00
48.48,3.03,0.00
48.48,6.06,0.00
48.48,9.09,0.00
48.48,12.12,0.00
48.48,15.15,0.00
48.48,18.18,0.00
48.48,21.21,0.00
48.48,24.24,0.00
48.48,27.27,0.00
48.48,30.30,0.00
48.48,33.33,0.00
48.48,36.36,0.00
48.48,39.39,0.00
48.48,42.42,0.00
48.48,45.45,0.00
48.48,48.48,0.00
48.48,51.52,0.00
48.48,54.55,0.00
48.48,57.58,0.00
48.48,60.61,0.00
48.48,63.64,0.00
48.48,66.67,0.00
48.48,69.70,0.00
48.48,72.73,0.00
48.48,75.76,0.00
48.48,78.79,0.00
48.48,81.82,0.00
48.48,84.85,0.00
48.48,87.88,0.00
48.48,90.91,0.00
48.48,93.94,0.00
48.48,96.97,0.00
48.48,100.00,0.00
48.48,103.03,0.00
48.48,106.06,0.00
48.48,109.09,0.00
48.48,112.12,0.00
48.48,115.15,0.00
48.48,118.18,0.00
48.48,121.21,0.00
48.48,124.24,0.00
48.48,127.27,0.00
48.48,130.30,0.00
48.48,133.33,0.00
48.48,136.36,0.00
48.48,139.39,0.00
48.48,142.42,0.00
48.48,145.45,0.00
48.48,148.48,0.00
48.48,151.52,0.00
48.48,154.55,0.00
48.48,157.58,0.00
48.48,160.61,0.00
48.48,163.64,0.00
48.48,166.67,0.00
48.48,169.70,0.00
48.48,172.73,0.00
48.48,175.76,0.00
48.48,178.79,0.00
48.48,181.82,0.00
48.48,184.85,0.00
48.48,187.88,0.00
48.48,190.91,0.00
48.48,193.94,0.00
48.48,196.97,0.00
48.48,200.00,0.00
48.48,203.03,0.00
48.48,206.06,0.00
48.48,209.09,0.00
48.48,212.12,0.00
48.48,215.15,0.00
48.48,218.18,0.00
48.48,221.21,0.00
48.48,224.24,0.00
48.48,227.27,0.00
48.48,230.30,0.00
48.48,233.33,0.00
48.48,236.36,0.00
48.48,239.39,0.00
48.48,242.42,0.00
48.48,245.45,0.00
48.48,248.48,0.00
48.48,251.52,0.00
48.48,254.55,0.00
48.48,257.58,0.00
48.48,260.61,0.00
48.48,263.64,0.00
48.48,266.67,0.00
48.48,269.70,0.00
48.48,272.73,0.00
48.48,275.76,0.00
48.48,278.79,0.00
48.48,281.82,0.00
48.48,284.85,0.00
48.48,287.88,0.00
48.48,290.91,0.00
48.48,293.94,0.00
48.48,296.97,0.00
48.48,300.00,0.00
51.52,0.00,0.00
51.52,3.03,0.00
51.52,6.06,0.00
51.52,9.09,0.00
51.52,12.12,0.00
51.52,15.15,0.00
51.52,18.18,0.00
51.52,21.21,0.00
51.52,24.24,0.00
51.52,27.27,0.00
51.52,30.30,0.00
51.52,33.33,0.00
51.52,36.36,0.00
51.52,39.39,0.00
51.52,42.42,0.00
51.52,45.45,0.00
51.52,48.48,0.00
51.52,51.52,0.00
51.52,54.55,0.00
51.52,57.58,0.00
51.52,60.61,0.00
51.52,63.64,0.00
51.52,66.67,0.00
51.52,69.70,0.00
51.52,72.73,0.00
51.52,75.76,0.00
51.52,78.79,0.00
51.52,81.82,0.00
51.52,84.85,0.00
51.52,87.88,0.00
51.52,90.91,0.00
51.52,93.94,0.00
51.52,96.97,0.00
51.52,100.00,0.00
51.52,103.03,0.00
51.52,106.06,0.00
51.52,109.09,0.00
51.52,112.12,0.00
51.52,115.15,0.00
51.52,118.18,0.00
51.52,121.21,0.00
51.52,124.24,0.00
51.52,127.27,0.00
51.52,130.30,0.00
51.52,133.33,0.00
51.52,136.36,0.00
51.52,139.39,0.00
51.52,142.42,0.00
51.52,145.45,0.00
51.52,148.48,0.00
51.52,151.52,0.00
51.52,154.55,0.00
51.52,157.58,0.00
51.52,160.61,0.00
51.52,163.64,0.00
51.52,166.67,0.00
51.52,169.70,0.00
51.52,172.73,0.00
51.52,175.76,0.00
51.52,178.79,0.00
51.52,181.82,0.00
51.52,184.85,0.00
51.52,187.88,0.00
51.52,190.91,0.00
51.52,193.94,0.00
51.52,196.97,0.00
51.52,200.00,0.00
51.52,203.03,0.00
51.52,206.06,0.00
51.52,209.09,0.00
51.52,212.12,0.00
51.52,215.15,0.00
51.52,218.18,0.00
51.52,221.21,0.00
51.52,224.24,0.00
51.52,227.27,0.00
51.52,230.30,0.00
51.52,233.33,0.00
51.52,236.36,0.00
51.52,239.39,0.00
51.52,242.42,0.00
51.52,245.45,0.00
51.52,248.48,0.00
51.52,251.52,0.00
51.52,254.55,0.00
51.52,257.58,0.00
51.52,260.61,0.00
51.52,263.64,0.00
51.52,266.67,0.00
51.52,269.70,0.00
51.52,272.73,0.00
51.52,275.76,0.00
51.52,278.79,0.00
51.52,281.82,0.00
51.52,284.85,0.00
51.52,287.88,0.00
51.52,290.91,0.00
51.52,293.94,0.00
51.52,296.97,0.00
51.52,300.00,0.00
54.55,0.00,0.00
54.55,3.03,0.00
54.55,6.06,0.00
54.55,9.09,0.00
54.55,12.12,0.00
54.55,15.15,0.00
54.55,18.18,0.00
54.55,21.21,0.00
54.55,24.24,0.00
54.55,27.27,0.00
54.55,30.30,0.00
54.55,33.33,0.00
54.55,36.36,0.00
54.55,39.39,0.00
54.55,42.42,0.00
54.55,45.45,0.00
54.55,48.48,0.00
54.55,51.52,0.00
54.55,54.55,0.00
54.55,57.58,0.00
54.55,60.61,0.00
54.55,63.64,0.00
54.55,66.67,0.00
54.55,69.70,0.00
54.55,72.73,0.00
54.55,75.76,0.00
54.55,78.79,0.00
54.55,81.82,0.00
54.55,84.85,0.00
54.55,87.88,0.00
54.55,90.91,0.00
54.55,93.94,0.00
54.55,96.97,0.00
54.55,100.00,0.00
54.55,103.03,0.00
54.55,106.06,0.00
54.55,109.09,0.00
54.55,112.12,0.00
54.55,115.15,0.00
54.55,118.18,0.00
54.55,121.21,0.00
54.55,124.24,0.00
54.55,127.27,0.00
54.55,130.30,0.00
54.55,133.33,0.00
54.55,136.36,0.00
54.55,139.39,0.00
54.55,142.42,0.00
54.55,145.45,0.00
54.55,148.48,0.00
54.55,151.52,0.00
54.55,154.55,0.00
54.55,157.58,0.00
54.55,160.61,0.00
54.55,163.64,0.00
54.55,166.67,0.00
54.55,169.70,0.00
54.55,172.73,0.00
54.55,175.76,0.00
54.55,178.79,0.00
54.55,181.82,0.00
54.55,184.85,0.00
54.55,187.88,0.00
54.55,190.91,0.00
54.55,193.94,0.00
54.55,196.97,0.00
54.55,200.00,0.00
54.55,203.03,0.00
54.55,206.06,0.00
54.55,209.09,0.00
54.55,212.12,0.00
54.55,215.15,0.00
54.55,218.18,0.00
54.55,221.21,0.00
54.55,224.24,0.00
54.55,227.27,0.00
54.55,230.30,0.00
54.55,233.33,0.00
54.55,236.36,0.00
54.55,239.39,0.00
54.55,242.42,0.00
54.55,245.45,0.00
54.55,248.48,0.00
54.55,251.52,0.00
54.55,254.55,0.00
54.55,257.58,0.00
54.55,260.61,0.00
54.55,263.64,0.00
54.55,266.67,0.00
54.55,269.70,0.00
54.55,272.73,0.00
54.55,275.76,0.00
54.55,278.79,0.00
54.55,281.82,0.00
54.55,284.85,0.00
54.55,287.88,0.00
54.55,290.91,0.00
54.55,293.94,0.00
54.55,296.97,0.00
54.55,300.00,0.00
57.58,0.00,0.00
57.58,3.03,0.00
57.58,6.06,0.00
57.58,9.09,0.00
57.58,12.12,0.00
57.58,15.15,0.00
57.58,18.18,0.00
57.58,21.21,0.00
57.58,24.24,0.00
57.58,27.27,0.00
57.58,30.30,0.00
57.58,33.33,0.00
57.58,36.36,0.00
57.58,39.39,0.00
57.58,42.42,0.00
57.58,45.45,0.00
57.58,48.48,0.00
57.58,51.52,0.00
57.58,54.55,0.00
57.58,57.58,0.00
57.58,60.61,0.00
57.58,63.64,0.00
57.58,66.67,0.00
57.58,69.70,0.00
57.58,72.73,0.00
57.58,75.76,0.00
57.58,78.79,0.00
57.58,81.82,0.00
57.58,84.85,0.00
57.58,87.88,0.00
57.58,90.91,0.00
57.58,93.94,0.00
57.58,96.97,0.00
57.58,100.00,0.00
57.58,103.03,0.00
57.58,106.06,0.00
57.58,109.09,0.00
57.58,112.12,0.00
57.58,115.15,0.00
57.58,118.18,0.00
57.58,121.21,0.00
57.58,124.24,0.00
57.58,127.27,0.00
57.58,130.30,0.00
57.58,133.33,0.00
57.58,136.36,0.00
57.58,139.39,0.00
57.58,142.42,0.00
57.58,145.45,0.00
57.58,148.48,0.00
57.58,151.52,0.00
57.58,154.55,0.00
57.58,157.58,0.00
57.58,160.61,0.00
57.58,163.64,0.00
57.58,166.67,0.00
57.58,169.70,0.00
57.58,172.73,0.00
57.58,175.76,0.00
57.58,178.79,0.00
57.58,181.82,0.00
57.58,184.85,0.00
57.58,187.88,0.00
57.58,190.91,0.00
57.58,193.94,0.00
57.58,196.97,0.00
57.58,200.00,0.00
57.58,203.03,0.00
57.58,206.06,0.00
57.58,209.09,0.00
57.58,212.12,0.00
57.58,215.15,0.00
57.58,218.18,0.00
57.58,221.21,0.00
57.58,224.24,0.00
57.58,227.27,0.00
57.58,230.30,0.00
57.58,233.33,0.00
57.58,236.36,0.00
57.58,239.39,0.00
57.58,242.42,0.00
57.58,245.45,0.00
57.58,248.48,0.00
57.58,251.52,0.00
57.58,254.55,0.00
57.58,257.58,0.00
57.58,260.61,0.00
57.58,263.64,0.00
57.58,266.67,0.00
57.58,269.70,0.00
57.58,272.73,0.00
57.58,275.76,0.00
57.58,278.79,0.00
57.58,281.82,0.00
57.58,284.85,0.00
57.58,287.88,0.00
57.58,290.91,0.00
57.58,293.94,0.00
57.58,296.97,0.00
57.58,300.00,0.00
60.61,0.00,0.00
60.61,3.03,0.00
60.61,6.06,0.00
60.61,9.09,0.00
60.61,12.12,0.00
60.61,15.15,0.00
60.61,18.18,0.00
60.61,21.21,0.00
60.61,24.24,0.00
60.61,27.27,0.00
60.61,30.30,0.00
60.61,33.33,0.00
60.61,36.36,0.00
60.61,39.39,0.00
60.61,42.42,0.00
60.61,45.45,0.00
60.61,48.48,0.00
60.61,51.52,0.00
60.61,54.55,0.00
60.61,57.58,0.00
60.61,60.61,0.00
60.61,63.64,0.00
60.61,66.67,0.00
60.61,69.70,0.00
60.61,72.73,0.00
60.61,75.76,0.00
60.61,78.79,0.00
60.61,81.82,0.00
60.61,84.85,0.00
60.61,87.88,0.00
60.61,90.91,0.00
60.61,93.94,0.00
60.61,96.97,0.00
60.61,100.00,0.00
60.61,103.03,0.00
60.61,106.06,0.00
60.61,109.09,0.00
60.61,112.12,0.00
60.61,115.15,0.00
60.61,118.18,0.00
60.61,121.21,0.00
60.61,124.24,0.00
60.61,127.27,0.00
60.61,130.30,0.00
60.61,133.33,0.00
60.61,136.36,0.00
60.61,139.39,0.00
60.61,142.42,0.00
60.61,145.45,0.00
60.61,148.48,0.00
60.61,151.52,0.00
60.61,154.55,0.00
60.61,157.58,0.00
60.61,160.61,0.00
60.61,163.64,0.00
60.61,166.67,0.00
60.61,169.70,0.00
60.61,172.73,0.00
60.61,175.76,0.00
60.61,178.79,0.00
60.61,181.82,0.00
60.61,184.85,0.00
60.61,187.88,0.00
60.61,190.91,0.00
60.61,193.94,0.00
60.61,196.97,0.00
60.61,200.00,0.00
60.61,203.03,0.00
60.61,206.06,0.00
60.61,209.09,0.00
60.61,212.12,0.00
60.61,215.15,0.00
60.61,218.18,0.00
60.61,221.21,0.00
60.61,224.24,0.00
60.61,227.27,0.00
60.61,230.30,0.00
60.61,233.33,0.00
60.61,236.36,0.00
60.61,239.39,0.00
60.61,242.42,0.00
60.61,245.45,0.00
60.61,248.48,0.00
60.61,251.52,0.00
60.61,254.55,0.00
60.61,257.58,0.00
60.61,260.61,0.00
60.61,263.64,0.00
60.61,266.67,0.00
60.61,269.70,0.00
60.61,272.73,0.00
60.61,275.76,0.00
60.61,278.79,0.00
60.61,281.82,0.00
60.61,284.85,0.00
60.61,287.88,0.00
60.61,290.91,0.00
60.61,293.94,0.00
60.61,296.97,0.00
60.61,300.00,0.00
63.64,0.00,0.00
63.64,3.03,0.00
63.64,6.06,0.00
63.64,9.09,0.00
63.64,12.12,0.00
63.64,15.15,0.00
63.64,18.18,0.00
63.64,21.21,0.00
63.64,24.24,0.00
63.64,27.27,0.00
63.64,30.30,0.00
63.64,33.33,0.00
63.64,36.36,0.00
63.64,39.39,0.00
63.64,42.42,0.00
63.64,45.45,0.00
63.64,48.48,0.00
63.64,51.52,0.00
63.64,54.55,0.00
63.64,57.58,0.00
63.64,60.61,0.00
63.64,63.64,0.00
63.64,66.67,0.00
63.64,69.70,0.00
63.64,72.73,0.00
63.64,75.76,0.00
63.64,78.79,0.00
63.64,81.82,0.00
63.64,84.85,0.00
63.64,87.88,0.00
63.64,90.91,0.00
63.64,93.94,0.00
63.64,96.97,0.00
63.64,100.00,0.00
63.64,103.03,0.00
63.64,106.06,0.00
63.64,109.09,0.00
63.64,112.12,0.00
63.64,115.15,0.00
63.64,118.18,0.00
63.64,121.21,0.00
63.64,124.24,0.00
63.64,127.27,0.00
63.64,130.30,0.00
63.64,133.33,0.00
63.64,136.36,0.00
63.64,139.39,0.00
63.64,142.42,0.00
63.64,145.45,0.00
63.64,148.48,0.00
63.64,151.52,0.00
63.64,154.55,0.00
63.64,157.58,0.00
63.64,160.61,0.00
63.64,163.64,0.00
63.64,166.67,0.00
63.64,169.70,0.00
63.64,172.73,0.00
63.64,175.76,0.00
63.64,178.79,0.00
63.64,181.82,0.00
63.64,184.85,0.00
63.64,187.88,0.00
63.64,190.91,0.00
63.64,193.94,0.00
63.64,196.97,0.00
63.64,200.00,0.00
63.64,203.03,0.00
63.64,206.06,0.00
63.64,209.09,0.00
63.64,212.12,0.00
63.64,215.15,0.00
63.64,218.18,0.00
63.64,221.21,0.00
63.64,224.24,0.00
63.64,227.27,0.00
63.64,230.30,0.00
63.64,233.33,0.00
63.64,236.36,0.00
63.64,239.39,0.00
63.64,242.42,0.00
63.64,245.45,0.00
63.64,248.48,0.00
63.64,251.52,0.00
63.64,254.55,0.00
63.64,257.58,0.00
63.64,260.61,0.00
63.64,263.64,0.00
63.64,266.67,0.00
63.64,269.70,0.00
63.64,272.73,0.00
63.64,275.76,0.00
63.64,278.79,0.00
63.64,281.82,0.00
63.64,284.85,0.00
63.64,287.88,0.00
63.64,290.91,0.00
63.64,293.94,0.00
63.64,296.97,0.00
63.64,300.00,0.00
66.67,0.00,0.00
66.67,3.03,0.00
66.67,6.06,0.00
66.67,9.09,0.00
66.67,12.12,0.00
66.67,15.15,0.00
66.67,18.18,0.00
66.67,21.21,0.00
66.67,24.24,0.00
66.67,27.27,0.00
66.67,30.30,0.00
66.67,33.33,0.00
66.67,36.36,0.00
66.67,39.39,0.00
66.67,42.42,0.00
66.67,45.45,0.00
66.67,48.48,0.00
66.67,51.52,0.00
66.67,54.55,0.00
66.67,57.58,0.00
66.67,60.61,0.00
66.67,63.64,0.00
66.67,66.67,0.00
66.67,69.70,0.00
66.67,72.73,0.00
66.67,75.76,0.00
66.67,78.79,0.00
66.67,81.82,0.00
66.67,84.85,0.00
66.67,87.88,0.00
66.67,90.91,0.00
66.67,93.94,0.00
66.67,96.97,0.00
66.67,100.00,0.00
66.67,103.03,0.00
66.67,106.06,0.00
66.67,109.09,0.00
66.67,112.12,0.00
66.67,115.15,0.00
66.67,118.18,0.00
66.67,121.21,0.00
66.67,124.24,0.00
66.67,127.27,0.00
66.67,130.30,0.00
66.67,133.33,0.00
66.67,136.36,0.00
66.67,139.39,0.00
66.67,142.42,0.00
66.67,145.45,0.00
66.67,148.48,0.00
66.67,151.52,0.00
66.67,154.55,0.00
66.67,157.58,0.00
66.67,160.61,0.00
66.67,163.64,0.00
66.67,166.67,0.00
66.67,169.70,0.00
66.67,172.73,0.00
66.67,175.76,0.00
66.67,178.79,0.00
66.67,181.82,0.00
66.67,184.85,0.00
66.67,187.88,0.00
66.67,190.91,0.00
66.67,193.94,0.00
66.67,196.97,0.00
66.67,200.00,0.00
66.67,203.03,0.00
66.67,206.06,0.00
66.67,209.09,0.00
66.67,212.12,0.00
66.67,215.15,0.00
66.67,218.18,0.00
66.67,221.21,0.00
66.67,224.24,0.00
66.67,227.27,0.00
66.67,230.30,0.00
66.67,233.33,0.00
66.67,236.36,0.00
66.67,239.39,0.00
66.67,242.42,0.00
66.67,245.45,0.00
66.67,248.48,0.00
66.67,251.52,0.00
66.67,254.55,0.00
66.67,257.58,0.00
66.67,260.61,0.00
66.67,263.64,0.00
66.67,266.67,0.00
66.67,269.70,0.00
66.67,272.73,0.00
66.67,275.76,0.00
66.67,278.79,0.00
66.67,281.82,0.00
66.67,284.85,0.00
66.67,287.88,0.00
66.67,290.91,0.00
66.67,293.94,0.00
66.67,296.97,0.00
66.67,300.00,0.00
69.70,0.00,0.00
69.70,3.03,0.00
69.70,6.06,0.00
69.70,9.09,0.00
69.70,12.12,0.00
69.70,15.15,0.00
69.70,18.18,0.00
69.70,21.21,0.00
69.70,24.24,0.00
69.70,27.27,0.00
69.70,30.30,0.00
69.70,33.33,0.00
69.70,36.36,0.00
69.70,39.39,0.00
69.70,42.42,0.00
69.70,45.45,0.00
69.70,48.48,0.00
69.70,51.52,0.00
69.70,54.55,0.00
69.70,57.58,0.00
69.70,60.61,0.00
69.70,63.64,0.00
69.70,66.67,0.00
69.70,69.70,0.00
69.70,72.73,0.00
69.70,75.76,0.00
69.70,78.79,0.00
69.70,81.82,0.00
69.70,84.85,0.00
69.70,87.88,0.00
69.70,90.91,0.00
69.70,93.94,0.00
69.70,96.97,0.00
69.70,100.00,0.00
69.70,103.03,0.00
69.70,106.06,0.00
69.70,109.09,0.00
69.70,112.12,0.00
69.70,115.15,0.00
69.70,118.18,0.00
69.70,121.21,0.00
69.70,124.24,0.00
69.70,127.27,0.00
69.70,130.30,0.00
69.70,133.33,0.00
69.70,136.36,0.00
69.70,139.39,0.00
69.70,142.42,0.00
69.70,145.45,0.00
69.70,148.48,0.00
69.70,151.52,0.00
69.70,154.55,0.00
69.70,157.58,0.00
69.70,160.61,0.00
69.70,163.64,0.00
69.70,166.67,0.00
69.70,169.70,0.00
69.70,172.73,0.00
69.70,175.76,0.00
69.70,178.79,0.00
69.70,181.82,0.00
69.70,184.85,0.00
69.70,187.88,0.00
69.70,190.91,0.00
69.70,193.94,0.00
69.70,196.97,0.00
69.70,200.00,0.00
69.70,203.03,0.00
69.70,206.06,0.00
69.70,209.09,0.00
69.70,212.12,0.00
69.70,215.15,0.00
69.70,218.18,0.00
69.70,221.21,0.00
69.70,224.24,0.00
69.70,227.27,0.00
69.70,230.30,0.00
69.70,233.33,0.00
69.70,236.36,0.00
69.70,239.39,0.00
69.70,242.42,0.00
69.70,245.45,0.00
69.70,248.48,0.00
69.70,251.52,0.00
69.70,254.55,0.00
69.70,257.58,0.00
69.70,260.61,0.00
69.70,263.64,0.00
69.70,266.67,0.00
69.70,269.70,0.00
69.70,272.73,0.00
69.70,275.76,0.00
69.70,278.79,0.00
69.70,281.82,0.00
69.70,284.85,0.00
69.70,287.88,0.00
69.70,290.91,0.00
69.70,293.94,0.00
69.70,296.97,0.00
69.70,300.00,0.00
72.73,0.00,0.00
72.73,3.03,0.00
72.73,6.06,0.00
72.73,9.09,0.00
72.73,12.12,0.00
72.73,15.15,0.00
72.73,18.18,0.00
72.73,21.21,0.00
72.73,24.24,0.00
72.73,27.27,0.00
72.73,30.30,0.00
72.73,33.33,0.00
72.73,36.36,0.00
72.73,39.39,0.00
72.73,42.42,0.00
72.73,45.45,0.00
72.73,48.48,0.00
72.73,51.52,0.00
72.73,54.55,0.00
72.73,57.58,0.00
72.73,60.61,0.00
72.73,63.64,0.00
72.73,66.67,0.00
72.73,69.70,0.00
72.73,72.73,0.00
72.73,75.76,0.00
72.73,78.79,0.00
72.73,81.82,0.00
72.73,84.85,0.00
72.73,87.88,0.00
72.73,90.91,0.00
72.73,93.94,0.00
72.73,96.97,0.00
72.73,100.00,0.00
72.73,103.03,0.00
72.73,106.06,0.00
72.73,109.09,0.00
72.73,112.12,0.00
72.73,115.15,0.00
72.73,118.18,0.00
72.73,121.21,0.00
72.73,124.24,0.00
72.73,127.27,0.00
72.73,130.30,0.00
72.73,133.33,0.00
72.73,136.36,0.00
72.73,139.39,0.00
72.73,142.42,0.00
72.73,145.45,0.00
72.73,148.48,0.00
72.73,151.52,0.00
72.73,154.55,0.00
72.73,157.58,0.00
72.73,160.61,0.00
72.73,163.64,0.00
72.73,166.67,0.00
72.73,169.70,0.00
72.73,172.73,0.00
72.73,175.76,0.00
72.73,178.79,0.00
72.73,181.82,0.00
72.73,184.85,0.00
72.73,187.88,0.00
72.73,190.91,0.00
72.73,193.94,0.00
72.73,196.97,0.00
72.73,200.00,0.00
72.73,203.03,0.00
72.73,206.06,0.00
72.73,209.09,0.00
72.73,212.12,0.00
72.73,215.15,0.00
72.73,218.18,0.00
72.73,221.21,0.00
72.73,224.24,0.00
72.73,227.27,0.00
72.73,230.30,0.00
72.73,233.33,0.00
72.73,236.36,0.00
72.73,239.39,0.00
72.73,242.42,0.00
72.73,245.45,0.00
72.73,248.48,0.00
72.73,251.52,0.00
72.73,254.55,0.00
72.73,257.58,0.00
72.73,260.61,0.00
72.73,263.64,0.00
72.73,266.67,0.00
72.73,269.70,0.00
72.73,272.73,0.00
72.73,275.76,0.00
72.73,278.79,0.00
72.73,281.82,0.00
72.73,284.85,0.00
72.73,287.88,0.00
72.73,290.91,0.00
72.73,293.94,0.00
72.73,296.97,0.00
72.73,300.00,0.00
75.76,0.00,0.00
75.76,3.03,0.00
75.76,6.06,0.00
75.76,9.09,0.00
75.76,12.12,0.00
75.76,15.15,0.00
75.76,18.18,0.00
75.76,21.21,0.00
75.76,24.24,0.00
75.76,27.27,0.00
75.76,30.30,0.00
75.76,33.33,0.00
75.76,36.36,0.00
75.76,39.39,0.00
75.76,42.42,0.00
75.76,45.45,0.00
75.76,48.48,0.00
75.76,51.52,0.00
75.76,54.55,0.00
75.76,57.58,0.00
75.76,60.61,0.00
75.76,63.64,0.00
75.76,66.67,0.00
75.76,69.70,0.00
75.76,72.73,0.00
75.76,75.76,0.00
75.76,78.79,0.00
75.76,81.82,0.00
75.76,84.85,0.00
75.76,87.88,0.00
75.76,90.91,0.00
75.76,93.94,0.00
75.76,96.97,0.00
75.76,100.00,0.00
75.76,103.03,0.00
75.76,106.06,0.00
75.76,109.09,0.00
75.76,112.12,0.00
75.76,115.15,0.00
75.76,118.18,0.00
75.76,121.21,0.00
75.76,124.24,0.00
75.76,127.27,0.00
75.76,130.30,0.00
75.76,133.33,0.00
75.76,136.36,0.00
75.76,139.39,0.00
75.76,142.42,0.00
75.76,145.45,0.00
75.76,148.48,0.00
75.76,151.52,0.00
75.76,154.55,0.00
75.76,157.58,0.00
75.76,160.61,0.00
75.76,163.64,0.00
75.76,166.67,0.00
75.76,169.70,0.00
75.76,172.73,0.00
75.76,175.76,0.00
75.76,178.79,0.00
75.76,181.82,0.00
75.76,184.85,0.00
75.76,187.88,0.00
75.76,190.91,0.00
75.76,193.94,0.00
75.76,196.97,0.00
75.76,200.00,0.00
75.76,203.03,0.00
75.76,206.06,0.00
75.76,209.09,0.00
75.76,212.12,0.00
75.76,215.15,0.00
75.76,218.18,0.00
75.76,221.21,0.00
75.76,224.24,0.00
75.76,227.27,0.00
75.76,230.30,0.00
75.76,233.33,0.00
75.76,236.36,0.00
75.76,239.39,0.00
75.76,242.42,0.00
75.76,245.45,0.00
75.76,248.48,0.00
75.76,251.52,0.00
75.76,254.55,0.00
75.76,257.58,0.00
75.76,260.61,0.00
75.76,263.64,0.00
75.76,266.67,0.00
75.76,269.70,0.00
75.76,272.73,0.00
75.76,275.76,0.00
75.76,278.79,0.00
75.76,281.82,0.00
75.76,284.85,0.00
75.76,287.88,0.00
75.76,290.91,0.00
75.76,293.94,0.00
75.76,296.97,0.00
75.76,300.00,0.00
78.79,0.00,0.00
78.79,3.03,0.00
78.79,6.06,0.00
78.79,9.09,0.00
78.79,12.12,0.00
78.79,15.15,0.00
78.79,18.18,0.00
78.79,21.21,0.00
78.79,24.24,0.00
78.79,27.27,0.00
78.79,30.30,0.00
78.79,33.33,0.00
78.79,36.36,0.00
78.79,39.39,0.00
78.79,42.42,0.00
78.79,45.45,0.00
78.79,48.48,0.00
78.79,51.52,0.00
78.79,54.55,0.00
78.79,57.58,0.00
78.79,60.61,0.00
78.79,63.64,0.00
78.79,66.67,0.00
78.79,69.70,0.00
78.79,72.73,0.00
78.79,75.76,0.00
78.79,78.79,0.00
78.79,81.82,0.00
78.79,84.85,0.00
78.79,87.88,0.00
78.79,90.91,0.00
78.79,93.94,0.00
78.79,96.97,0.00
78.79,100.00,0.00
78.79,103.03,0.00
78.79,106.06,0.00
78.79,109.09,0.00
78.79,112.12,0.00
78.79,115.15,0.00
78.79,118.18,0.00
78.79,121.21,0.00
78.79,124.24,0.00
78.79,127.27,0.00
78.79,130.30,0.00
78.79,133.33,0.00
78.79,136.36,0.00
78.79,139.39,0.00
78.79,142.42,0.00
78.79,145.45,0.00
78.79,148.48,0.00
78.79,151.52,0.00
78.79,154.55,0.00
78.79,157.58,0.00
78.79,160.61,0.00
78.79,163.64,0.00
78.79,166.67,0.00
78.79,169.70,0.00
78.79,172.73,0.00
78.79,175.76,0.00
78.79,178.79,0.00
78.79,181.82,0.00
78.79,184.85,0.00
78.79,187.88,0.00
78.79,190.91,0.00
78.79,193.94,0.00
78.79,196.97,0.00
78.79,200.00,0.00
78.79,203.03,0.00
78.79,206.06,0.00
78.79,209.09,0.00
78.79,212.12,0.00
78.79,215.15,0.00
78.79,218.18,0.00
78.79,221.21,0.00
78.79,224.24,0.00
78.79,227.27,0.00
78.79,230.30,0.00
78.79,233.33,0.00
78.79,236.36,0.00
78.79,239.39,0.00
78.79,242.42,0.00
78.79,245.45,0.00
78.79,248.48,0.00
78.79,251.52,0.00
78.79,254.55,0.00
78.79,257.58,0.00
78.79,260.61,0.00
78.79,263.64,0.00
78.79,266.67,0.00
78.79,269.70,0.00
78.79,272.73,0.00
78.79,275.76,0.00
78.79,278.79,0.00
78.79,281.82,0.00
78.79,284.85,0.00
78.79,287.88,0.00
78.79,290.91,0.00
78.79,293.94,0.00
78.79,296.97,0.00
78.79,300.00,0.00
81.82,0.00,0.00
81.82,3.03,0.00
81.82,6.06,0.00
81.82,9.09,0.00
81.82,12.12,0.00
81.82,15.15,0.00
81.82,18.18,0.00
81.82,21.21,0.00
81.82,24.24,0.00
81.82,27.27,0.00
81.82,30.30,0.00
81.82,33.33,0.00
81.82,36.36,0.00
81.82,39.39,0.00
81.82,42.42,0.00
81.82,45.45,0.00
81.82,48.48,0.00
81.82,51.52,0.00
81.82,54.55,0.00
81.82,57.58,0.00
81.82,60.61,0.00
81.82,63.64,0.00
81.82,66.67,0.00
81.82,69.70,0.00
81.82,72.73,0.00
81.82,75.76,0.00
81.82,78.79,0.00
81.82,81.82,0.00
81.82,84.85,0.00
81.82,87.88,0.00
81.82,90.91,0.00
81.82,93.94,0.00
81.82,96.97,0.00
81.82,100.00,0.00
81.82,103.03,0.00
81.82,106.06,0.00
81.82,109.09,0.00
81.82,112.12,0.00
81.82,115.15,0.00
81.82,118.18,0.00
81.82,121.21,0.00
81.82,124.24,0.00
81.82,127.27,0.00
81.82,130.30,0.00
81.82,133.33,0.00
81.82,136.36,0.00
81.82,139.39,0.00
81.82,142.42,0.00
81.82,145.45,0.00
81.82,148.48,0.00
81.82,151.52,0.00
81.82,154.55,0.00
81.82,157.58,0.00
81.82,160.61,0.00
81.82,163.64,0.00
81.82,166.67,0.00
81.82,169.70,0.00
81.82,172.73,0.00
81.82,175.76,0.00
81.82,178.79,0.00
81.82,181.82,0.00
81.82,184.85,0.00
81.82,187.88,0.00
81.82,190.91,0.00
81.82,193.94,0.00
81.82,196.97,0.00
81.82,200.00,0.00
81.82,203.03,0.00
81.82,206.06,0.00
81.82,209.09,0.00
81.82,212.12,0.00
81.82,215.15,0.00
81.82,218.18,0.00
81.82,221.21,0.00
81.82,224.24,0.00
81.82,227.27,0.00
81.82,230.30,0.00
81.82,233.33,0.00
81.82,236.36,0.00
81.82,239.39,0.00
81.82,242.42,0.00
81.82,245.45,0.00
81.82,248.48,0.00
81.82,251.52,0.00
81.82,254.55,0.00
81.82,257.58,0.00
81.82,260.61,0.00
81.82,263.64,0.00
81.82,266.67,0.00
81.82,269.70,0.00
81.82,272.73,0.00
81.82,275.76,0.00
81.82,278.79,0.00
81.82,281.82,0.00
81.82,284.85,0.00
81.82,287.88,0.00
81.82,290.91,0.00
81.82,293.94,0.00
81.82,296.97,0.00
81.82,300.00,0.00
84.85,0.00,0.00
84.85,3.03,0.00
84.85,6.06,0.00
84.85,9.09,0.00
84.85,12.12,0.00
84.85,15.15,0.00
84.85,18.18,0.00
84.85,21.21,0.00
84.85,24.24,0.00
84.85,27.27,0.00
84.85,30.30,0.00
84.85,33.33,0.00
84.85,36.36,0.00
84.85,39.39,0.00
84.85,42.42,0.00
84.85,45.45,0.00
84.85,48.48,0.00
84.85,51.52,0.00
84.85,54.55,0.00
84.85,57.58,0.00
84.85,60.61,0.00
84.85,63.64,0.00
84.85,66.67,0.00
84.85,69.70,0.00
84.85,72.73,0.00
84.85,75.76,0.00
84.85,78.79,0.00
84.85,81.82,0.00
84.85,84.85,0.00
84.85,87.88,0.00
84.85,90.91,0.00
84.85,93.94,0.00
84.85,96.97,0.00
84.85,100.00,0.00
84.85,103.03,0.00
84.85,106.06,0.00
84.85,109.09,0.00
84.85,112.12,0.00
84.85,115.15,0.00
84.85,118.18,0.00
84.85,121.21,0.00
84.85,124.24,0.00
84.85,127.27,0.00
84.85,130.30,0.00
84.85,133.33,0.00
84.85,136.36,0.00
84.85,139.39,0.00
84.85,142.42,0.00
84.85,145.45,0.00
84.85,148.48,0.00
84.85,151.52,0.00
84.85,154.55,0.00
84.85,157.58,0.00
84.85,160.61,0.00
84.85,163.64,0.00
84.85,166.67,0.00
84.85,169.70,0.00
84.85,172.73,0.00
84.85,175.76,0.00
84.85,178.79,0.00
84.85,181.82,0.00
84.85,184.85,0.00
84.85,187.88,0.00
84.85,190.91,0.00
84.85,193.94,0.00
84.85,196.97,0.00
84.85,200.00,0.00
84.85,203.03,0.00
84.85,206.06,0.00
84.85,209.09,0.00
84.85,212.12,0.00
84.85,215.15,0.00
84.85,218.18,0.00
84.85,221.21,0.00
84.85,224.24,0.00
84.85,227.27,0.00
84.85,230.30,0.00
84.85,233.33,0.00
84.85,236.36,0.00
84.85,239.39,0.00
84.85,242.42,0.00
84.85,245.45,0.00
84.85,248.48,0.00
84.85,251.52,0.00
84.85,254.55,0.00
84.85,257.58,0.00
84.85,260.61,0.00
84.85,263.64,0.00
84.85,266.67,0.00
84.85,269.70,0.00
84.85,272.73,0.00
84.85,275.76,0.00
84.85,278.79,0.00
84.85,281.82,0.00
84.85,284.85,0.00
84.85,287.88,0.00
84.85,290.91,0.00
84.85,293.94,0.00
84.85,296.97,0.00
84.85,300.00,0.00
87.88,0.00,0.00
87.88,3.03,0.00
87.88,6.06,0.00
87.88,9.09,0.00
87.88,12.12,0.00
87.88,15.15,0.00
87.88,18.18,0.00
87.88,21.21,0.00
87.88,24.24,0.00
87.88,27.27,0.00
87.88,30.30,0.00
87.88,33.33,0.00
87.88,36.36,0.00
87.88,39.39,0.00
87.88,42.42,0.00
87.88,45.45,0.00
87.88,48.48,0.00
87.88,51.52,0.00
87.88,54.55,0.00
87.88,57.58,0.00
87.88,60.61,0.00
87.88,63.64,0.00
87.88,66.67,0.00
87.88,69.70,0.00
87.88,72.73,0.00
87.88,75.76,0.00
87.88,78.79,0.00
87.88,81.82,0.00
87.88,84.85,0.00
87.88,87.88,0.00
87.88,90.91,0.00
87.88,93.94,0.00
87.88,96.97,0.00
87.88,100.00,0.00
87.88,103.03,0.00
87.88,106.06,0.00
87.88,109.09,0.00
87.88,112.12,0.00
87.88,115.15,0.00
87.88,118.18,0.00
87.88,121.21,0.00
87.88,124.24,0.00
87.88,127.27,0.00
87.88,130.30,0.00
87.88,133.33,0.00
87.88,136.36,0.00
87.88,139.39,0.00
87.88,142.42,0.00
87.88,145.45,0.00
87.88,148.48,0.00
87.88,151.52,0.00
87.88,154.55,0.00
87.88,157.58,0.00
87.88,160.61,0.00
87.88,163.64,0.00
87.88,166.67,0.00
87.88,169.70,0.00
87.88,172.73,0.00
87.88,175.76,0.00
87.88,178.79,0.00
87.88,181.82,0.00
87.88,184.85,0.00
87.88,187.88,0.00
87.88,190.91,0.00
87.88,193.94,0.00
87.88,196.97,0.00
87.88,200.00,0.00
87.88,203.03,0.00
87.88,206.06,0.00
87.88,209.09,0.00
87.88,212.12,0.00
87.88,215.15,0.00
87.88,218.18,0.00
87.88,221.21,0.00
87.88,224.24,0.00
87.88,227.27,0.00
87.88,230.30,0.00
87.88,233.33,0.00
87.88,236.36,0.00
87.88,239.39,0.00
87.88,242.42,0.00
87.88,245.45,0.00
87.88,248.48,0.00
87.88,251.52,0.00
87.88,254.55,0.00
87.88,257.58,0.00
87.88,260.61,0.00
87.88,263.64,0.00
87.88,266.67,0.00
87.88,269.70,0.00
87.88,272.73,0.00
87.88,275.76,0.00
87.88,278.79,0.00
87.88,281.82,0.00
87.88,284.85,0.00
87.88,287.88,0.00
87.88,290.91,0.00
87.88,293.94,0.00
87.88,296.97,0.00
87.88,300.00,0.00
90.91,0.00,0.00
90.91,3.03,0.00
90.91,6.06,0.00
90.91,9.09,0.00
90.91,12.12,0.00
90.91,15.15,0.00
90.91,18.18,0.00
90.91,21.21,0.00
90.91,24.24,0.00
90.91,27.27,0.00
90.91,30.30,0.00
90.91,33.33,0.00
90.91,36.36,0.00
90.91,39.39,0.00
90.91,42.42,0.00
90.91,45.45,0.00
90.91,48.48,0.00
90.91,51.52,0.00
90.91,54.55,0.00
90.91,57.58,0.00
90.91,60.61,0.00
90.91,63.64,0.00
90.91,66.67,0.00
90.91,69.70,0.00
90.91,72.73,0.00
90.91,75.76,0.00
90.91,78.79,0.00
90.91,81.82,0.00
90.91,84.85,0.00
90.91,87.88,0.00
90.91,90.91,0.00
90.91,93.94,0.00
90.91,96.97,0.00
90.91,100.00,0.00
90.91,103.03,0.00
90.91,106.06,0.00
90.91,109.09,0.00
90.91,112.12,0.00
90.91,115.15,0.00
90.91,118.18,0.00
90.91,121.21,0.00
90.91,124.24,0.00
90.91,127.27,0.00
90.91,130.30,0.00
90.91,133.33,0.00
90.91,136.36,0.00
90.91,139.39,0.00
90.91,142.42,0.00
90.91,145.45,0.00
90.91,148.48,0.00
90.91,151.52,0.00
90.91,154.55,0.00
90.91,157.58,0.00
90.91,160.61,0.00
90.91,163.64,0.00
90.91,166.67,0.00
90.91,169.70,0.00
90.91,172.73,0.00
90.91,175.76,0.00
90.91,178.79,0.00
90.91,181.82,0.00
90.91,184.85,0.00
90.91,187.88,0.00
90.91,190.91,0.00
90.91,193.94,0.00
90.91,196.97,0.00
90.91,200.00,0.00
90.91,203.03,0.00
90.91,206.06,0.00
90.91,209.09,0.00
90.91,212.12,0.00
90.91,215.15,0.00
90.91,218.18,0.00
90.91,221.21,0.00
90.91,224.24,0.00
90.91,227.27,0.00
90.91,230.30,0.00
90.91,233.33,0.00
90.91,236.36,0.00
90.91,239.39,0.00
90.91,242.42,0.00
90.91,245.45,0.00
90.91,248.48,0.00
90.91,251.52,0.00
90.91,254.55,0.00
90.91,257.58,0.00
90.91,260.61,0.00
90.91,263.64,0.00
90.91,266.67,0.00
90.91,269.70,0.00
90.91,272.73,0.00
90.91,275.76,0.00
90.91,278.79,0.00
90.91,281.82,0.00
90.91,284.85,0.00
90.91,287.88,0.00
90.91,290.91,0.00
90.91,293.94,0.00
90.91,296.97,0.00
90.91,300.00,0.00
93.94,0.00,0.00
93.94,3.03,0.00
93.94,6.06,0.00
93.94,9.09,0.00
93.94,12.12,0.00
93.94,15.15,0.00
93.94,18.18,0.00
93.94,21.21,0.00
93.94,24.24,0.00
93.94,27.27,0.00
93.94,30.30,0.00
93.94,33.33,0.00
93.94,36.36,0.00
93.94,39.39,0.00
93.94,42.42,0.00
93.94,45.45,0.00
93.94,48.48,0.00
93.94,51.52,0.00
93.94,54.55,0.00
93.94,57.58,0.00
93.94,60.61,0.00
93.94,63.64,0.00
93.94,66.67,0.00
93.94,69.70,0.00
93.94,72.73,0.00
93.94,75.76,0.00
93.94,78.79,0.00
93.94,81.82,0.00
93.94,84.85,0.00
93.94,87.88,0.00
93.94,90.91,0.00
93.94,93.94,0.00
93.94,96.97,0.00
93.94,100.00,0.00
93.94,103.03,0.00
93.94,106.06,0.00
93.94,109.09,0.00
93.94,112.12,0.00
93.94,115.15,0.00
93.94,118.18,0.00
93.94,121.21,0.00
93.94,124.24,0.00
93.94,127.27,0.00
93.94,130.30,0.00
93.94,133.33,0.00
93.94,136.36,0.00
93.94,139.39,0.00
93.94,142.42,0.00
93.94,145.45,0.00
93.94,148.48,0.00
93.94,151.52,0.00
93.94,154.55,0.00
93.94,157.58,0.00
93.94,160.61,0.00
93.94,163.64,0.00
93.94,166.67,0.00
93.94,169.70,0.00
93.94,172.73,0.00
93.94,175.76,0.00
93.94,178.79,0.00
93.94,181.82,0.00
93.94,184.85,0.00
93.94,187.88,0.00
93.94,190.91,0.00
93.94,193.94,0.00
93.94,196.97,0.00
93.94,200.00,0.00
93.94,203.03,0.00
93.94,206.06,0.00
93.94,209.09,0.00
93.94,212.12,0.00
93.94,215.15,0.00
93.94,218.18,0.00
93.94,221.21,0.00
93.94,224.24,0.00
93.94,227.27,0.00
93.94,230.30,0.00
93.94,233.33,0.00
93.94,236.36,0.00
93.94,239.39,0.00
93.94,242.42,0.00
93.94,245.45,0.00
93.94,248.48,0.00
93.94,251.52,0.00
93.94,254.55,0.00
93.94,257.58,0.00
93.94,260.61,0.00
93.94,263.64,0.00
93.94,266.67,0.00
93.94,269.70,0.00
93.94,272.73,0.00
93.94,275.76,0.00
93.94,278.79,0.00
93.94,281.82,0.00
93.94,284.85,0.00
93.94,287.88,0.00
93.94,290.91,0.00
93.94,293.94,0.00
93.94,296.97,0.00
93.94,300.00,0.00
96.97,0.00,0.00
96.97,3.03,0.00
96.97,6.06,0.00
96.97,9.09,0.00
96.97,12.12,0.00
96.97,15.15,0.00
96.97,18.18,0.00
96.97,21.21,0.00
96.97,24.24,0.00
96.97,27.27,0.00
96.97,30.30,0.00
96.97,33.33,0.00
96.97,36.36,0.00
96.97,39.39,0.00
96.97,42.42,0.00
96.97,45.45,0.00
96.97,48.48,0.00
96.97,51.52,0.00
96.97,54.55,0.00
96.97,57.58,0.00
96.97,60.61,0.00
96.97,63.64,0.00
96.97,66.67,0.00
96.97,69.70,0.00
96.97,72.73,0.00
96.97,75.76,0.00
96.97,78.79,0.00
96.97,81.82,0.00
96.97,84.85,0.00
96.97,87.88,0.00
96.97,90.91,0.00
96.97,93.94,0.00
96.97,96.97,0.00
96.97,100.00,0.00
96.97,103.03,0.00
96.97,106.06,0.00
96.97,109.09,0.00
96.97,112.12,0.00
96.97,115.15,0.00
96.97,118.18,0.00
96.97,121.21,0.00
96.97,124.24,0.00
96.97,127.27,0.00
96.97,130.30,0.00
96.97,133.33,0.00
96.97,136.36,0.00
96.97,139.39,0.00
96.97,142.42,0.00
96.97,145.45,0.00
96.97,148.48,0.00
96.97,151.52,0.00
96.97,154.55,0.00
96.97,157.58,0.00
96.97,160.61,0.00
96.97,163.64,0.00
96.97,166.67,0.00
96.97,169.70,0.00
96.97,172.73,0.00
96.97,175.76,0.00
96.97,178.79,0.00
96.97,181.82,0.00
96.97,184.85,0.00
96.97,187.88,0.00
96.97,190.91,0.00
96.97,193.94,0.00
96.97,196.97,0.00
96.97,200.00,0.00
96.97,203.03,0.00
96.97,206.06,0.00
96.97,209.09,0.00
96.97,212.12,0.00
96.97,215.15,0.00
96.97,218.18,0.00
96.97,221.21,0.00
96.97,224.24,0.00
96.97,227.27,0.00
96.97,230.30,0.00
96.97,233.33,0.00
96.97,236.36,0.00
96.97,239.39,0.00
96.97,242.42,0.00
96.97,245.45,0.00
96.97,248.48,0.00
96.97,251.52,0.00
96.97,254.55,0.00
96.97,257.58,0.00
96.97,260.61,0.00
96.97,263.64,0.00
96.97,266.67,0.00
96.97,269.70,0.00
96.97,272.73,0.00
96.97,275.76,0.00
96.97,278.79,0.00
96.97,281.82,0.00
96.97,284.85,0.00
96.97,287.88,0.00
96.97,290.91,0.00
96.97,293.94,0.00
96.97,296.97,0.00
96.97,300.00,0.00
100.00,0.00,0.00
100.00,3.03,0.00
100.00,6.06,0.00
100.00,9.09,0.00
100.00,12.12,0.00
100.00,15.15,0.00
100.00,18.18,0.00
100.00,21.21,0.00
100.00,24.24,0.00
100.00,27.27,0.00
100.00,30.30,0.00
100.00,33.33,0.00
100.00,36.36,0.00
100.00,39.39,0.00
100.00,42.42,0.00
100.00,45.45,0.00
100.00,48.48,0.00
100.00,51.52,0.00
100.00,54.55,0.00
100.00,57.58,0.00
100.00,60.61,0.00
100.00,63.64,0.00
100.00,66.67,0.00
100.00,69.70,0.00
100.00,72.73,0.00
100.00,75.76,0.00
100.00,78.79,0.00
100.00,81.82,0.00
100.00,84.85,0.00
100.00,87.88,0.00
100.00,90.91,0.00
100.00,93.94,0.00
100.00,96.97,0.00
100.00,100.00,0.00
100.00,103.03,0.00
100.00,106.06,0.00
100.00,109.09,0.00
100.00,112.12,0.00
100.00,115.15,0.00
100.00,118.18,0.00
100.00,121.21,0.00
100.00,124.24,0.00
100.00,127.27,0.00
100.00,130.30,0.00
100.00,133.33,0.00
100.00,136.36,0.00
100.00,139.39,0.00
100.00,142.42,0.00
100.00,145.45,0.00
100.00,148.48,0.00
100.00,151.52,0.00
100.00,154.55,0.00
100.00,157.58,0.00
100.00,160.61,0.00
100.00,163.64,0.00
100.00,166.67,0.00
100.00,169.70,0.00
100.00,172.73,0.00
100.00,175.76,0.00
100.00,178.79,0.00
100.00,181.82,0.00
100.00,184.85,0.00
100.00,187.88,0.00
100.00,190.91,0.00
100.00,193.94,0.00
100.00,196.97,0.00
100.00,200.00,0.00
100.00,203.03,0.00
100.00,206.06,0.00
100.00,209.09,0.00
100.00,212.12,0.00
100.00,215.15,0.00
100.00,218.18,0.00
100.00,221.21,0.00
100.00,224.24,0.00
100.00,227.27,0.00
100.00,230.30,0.00
100.00,233.33,0.00
100.00,236.36,0.00
100.00,239.39,0.00
100.00,242.42,0.00
100.00,245.45,0.00
100.00,248.48,0.00
100.00,251.52,0.00
100.00,254.55,0.00
100.00,257.58,0.00
100.00,260.61,0.00
100.00,263.64,0.00
100.00,266.67,0.00
100.00,269.70,0.00
100.00,272.73,0.00
100.00,275.76,0.00
100.00,278.79,0.00
100.00,281.82,0.00
100.00,284.85,0.00
100.00,287.88,0.00
100.00,290.91,0.00
100.00,293.94,0.00
100.00,296.97,0.00
100.00,300.00,0.00
103.03,0.00,0.00
103.03,3.03,0.00
103.03,6.06,0.00
103.03,9.09,0.00
103.03,12.12,0.00
103.03,15.15,0.00
103.03,18.18,0.00
103.03,21.21,0.00
103.03,24.24,0.00
103.03,27.27,0.00
103.03,30.30,0.00
103.03,33.33,0.00
103.03,36.36,0.00
103.03,39.39,0.00
103.03,42.42,0.00
103.03,45.45,0.00
103.03,48.48,0.00
103.03,51.52,0.00
103.03,54.55,0.00
103.03,57.58,0.00
103.03,60.61,0.00
103.03,63.64,0.00
103.03,66.67,0.00
103.03,69.70,0.00
103.03,72.73,0.00
103.03,75.76,0.00
103.03,78.79,0.00
103.03,81.82,0.00
103.03,84.85,0.00
103.03,87.88,0.00
103.03,90.91,0.00
103.03,93.94,0.00
103.03,96.97,0.00
103.03,100.00,0.00
103.03,103.03,0.00
103.03,106.06,0.00
103.03,109.09,0.00
103.03,112.12,0.00
103.03,115.15,0.00
103.03,118.18,0.00
103.03,121.21,0.00
103.03,124.24,0.00
103.03,127.27,0.00
103.03,130.30,0.00
103.03,133.33,0.00
103.03,136.36,0.00
103.03,139.39,0.00
103.03,142.42,0.00
103.03,145.45,0.00
103.03,148.48,0.00
103.03,151.52,0.00
103.03,154.55,0.00
103.03,157.58,0.00
103.03,160.61,0.00
103.03,163.64,0.00
103.03,166.67,0.00
103.03,169.70,0.00
103.03,172.73,0.00
103.03,175.76,0.00
103.03,178.79,0.00
103.03,181.82,0.00
103.03,184.85,0.00
103.03,187.88,0.00
103.03,190.91,0.00
103.03,193.94,0.00
103.03,196.97,0.00
103.03,200.00,0.00
103.03,203.03,0.00
103.03,206.06,0.00
103.03,209.09,0.00
103.03,212.12,0.00
103.03,215.15,0.00
103.03,218.18,0.00
103.03,221.21,0.00
103.03,224.24,0.00
103.03,227.27,0.00
103.03,230.30,0.00
103.03,233.33,0.00
103.03,236.36,0.00
103.03,239.39,0.00
103.03,242.42,0.00
103.03,245.45,0.00
103.03,248.48,0.00
103.03,251.52,0.00
103.03,254.55,0.00
103.03,257.58,0.00
103.03,260.61,0.00
103.03,263.64,0.00
103.03,266.67,0.00
103.03,269.70,0.00
103.03,272.73,0.00
103.03,275.76,0.00
103.03,278.79,0.00
103.03,281.82,0.00
103.03,284.85,0.00
103.03,287.88,0.00
103.03,290.91,0.00
103.03,293.94,0.00
103.03,296.97,0.00
103.03,300.00,0.00
106.06,0.00,0.00
106.06,3.03,0.00
106.06,6.06,0.00
106.06,9.09,0.00
106.06,12.12,0.00
106.06,15.15,0.00
106.06,18.18,0.00
106.06,21.21,0.00
106.06,24.24,0.00
106.06,27.27,0.00
106.06,30.30,0.00
106.06,33.33,0.00
106.06,36.36,0.00
106.06,39.39,0.00
106.06,42.42,0.00
106.06,45.45,0.00
106.06,48.48,0.00
106.06,51.52,0.00
106.06,54.55,0.00
106.06,57.58,0.00
106.06,60.61,0.00
106.06,63.64,0.00
106.06,66.67,0.00
106.06,69.70,0.00
106.06,72.73,0.00
106.06,75.76,0.00
106.06,78.79,0.00
106.06,81.82,0.00
106.06,84.85,0.00
106.06,87.88,0.00
106.06,90.91,0.00
106.06,93.94,0.00
106.06,96.97,0.00
106.06,100.00,0.00
106.06,103.03,0.00
106.06,106.06,0.00
106.06,109.09,0.00
106.06,112.12,0.00
106.06,115.15,0.00
106.06,118.18,0.00
106.06,121.21,0.00
106.06,124.24,0.00
106.06,127.27,0.00
106.06,130.30,0.00
106.06,133.33,0.00
106.06,136.36,0.00
106.06,139.39,0.00
106.06,142.42,0.00
106.06,145.45,0.00
106.06,148.48,0.00
106.06,151.52,0.00
106.06,154.55,0.00
106.06,157.58,0.00
106.06,160.61,0.00
106.06,163.64,0.00
106.06,166.67,0.00
106.06,169.70,0.00
106.06,172.73,0.00
106.06,175.76,0.00
106.06,178.79,0.00
106.06,181.82,0.00
106.06,184.85,0.00
106.06,187.88,0.00
106.06,190.91,0.00
106.06,193.94,0.00
106.06,196.97,0.00
106.06,200.00,0.00
106.06,203.03,0.00
106.06,206.06,0.00
106.06,209.09,0.00
106.06,212.12,0.00
106.06,215.15,0.00
106.06,218.18,0.00
106.06,221.21,0.00
106.06,224.24,0.00
106.06,227.27,0.00
106.06,230.30,0.00
106.06,233.33,0.00
106.06,236.36,0.00
106.06,239.39,0.00
106.06,242.42,0.00
106.06,245.45,0.00
106.06,248.48,0.00
106.06,251.52,0.00
106.06,254.55,0.00
106.06,257.58,0.00
106.06,260.61,0.00
106.06,263.64,0.00
106.06,266.67,0.00
106.06,269.70,0.00
106.06,272.73,0.00
106.06,275.76,0.00
106.06,278.79,0.00
106.06,281.82,0.00
106.06,284.85,0.00
106.06,287.88,0.00
106.06,290.91,0.00
106.06,293.94,0.00
106.06,296.97,0.00
106.06,300.00,0.00
109.09,0.00,0.00
109.09,3.03,0.00
109.09,6.06,0.00
109.09,9.09,0.00
109.09,12.12,0.00
109.09,15.15,0.00
109.09,18.18,0.00
109.09,21.21,0.00
109.09,24.24,0.00
109.09,27.27,0.00
109.09,30.30,0.00
109.09,33.33,0.00
109.09,36.36,0.00
109.09,39.39,0.00
109.09,42.42,0.00
109.09,45.45,0.00
109.09,48.48,0.00
109.09,51.52,0.00
109.09,54.55,0.00
109.09,57.58,0.00
109.09,60.61,0.00
109.09,63.64,0.00
109.09,66.67,0.00
109.09,69.70,0.00
109.09,72.73,0.00
109.09,75.76,0.00
109.09,78.79,0.00
109.09,81.82,0.00
109.09,84.85,0.00
109.09,87.88,0.00
109.09,90.91,0.00
109.09,93.94,0.00
109.09,96.97,0.00
109.09,100.00,0.00
109.09,103.03,0.00
109.09,106.06,0.00
109.09,109.09,0.00
109.09,112.12,0.00
109.09,115.15,0.00
109.09,118.18,0.00
109.09,121.21,0.00
109.09,124.24,0.00
109.09,127.27,0.00
109.09,130.30,0.00
109.09,133.33,0.00
109.09,136.36,0.00
109.09,139.39,0.00
109.09,142.42,0.00
109.09,145.45,0.00
109.09,148.48,0.00
109.09,151.52,0.00
109.09,154.55,0.00
109.09,157.58,0.00
109.09,160.61,0.00
109.09,163.64,0.00
109.09,166.67,0.00
109.09,169.70,0.00
109.09,172.73,0.00
109.09,175.76,0.00
109.09,178.79,0.00
109.09,181.82,0.00
109.09,184.85,0.00
109.09,187.88,0.00
109.09,190.91,0.00
109.09,193.94,0.00
109.09,196.97,0.00
109.09,200.00,0.00
109.09,203.03,0.00
109.09,206.06,0.00
109.09,209.09,0.00
109.09,212.12,0.00
109.09,215.15,0.00
109.09,218.18,0.00
109.09,221.21,0.00
109.09,224.24,0.00
109.09,227.27,0.00
109.09,230.30,0.00
109.09,233.33,0.00
109.09,236.36,0.00
109.09,239.39,0.00
109.09,242.42,0.00
109.09,245.45,0.00
109.09,248.48,0.00
109.09,251.52,0.00
109.09,254.55,0.00
109.09,257.58,0.00
109.09,260.61,0.00
109.09,263.64,0.00
109.09,266.67,0.00
109.09,269.70,0.00
109.09,272.73,0.00
109.09,275.76,0.00
109.09,278.79,0.00
109.09,281.82,0.00
109.09,284.85,0.00
109.09,287.88,0.00
109.09,290.91,0.00
109.09,293.94,0.00
109.09,296.97,0.00
109.09,300.00,0.00
112.12,0.00,0.00
112.12,3.03,0.00
112.12,6.06,0.00
112.12,9.09,0.00
112.12,12.12,0.00
112.12,15.15,0.00
112.12,18.18,0.00
112.12,21.21,0.00
112.12,24.24,0.00
112.12,27.27,0.00
112.12,30.30,0.00
112.12,33.33,0.00
112.12,36.36,0.00
112.12,39.39,0.00
112.12,42.42,0.00
112.12,45.45,0.00
112.12,48.48,0.00
112.12,51.52,0.00
112.12,54.55,0.00
112.12,57.58,0.00
112.12,60.61,0.00
112.12,63.64,0.00
112.12,66.67,0.00
112.12,69.70,0.00
112.12,72.73,0.00
112.12,75.76,0.00
112.12,78.79,0.00
112.12,81.82,0.00
112.12,84.85,0.00
112.12,87.88,0.00
112.12,90.91,0.00
112.12,93.94,0.00
112.12,96.97,0.00
112.12,100.00,0.00
112.12,103.03,0.00
112.12,106.06,0.00
112.12,109.09,0.00
112.12,112.12,0.00
112.12,115.15,0.00
112.12,118.18,0.00
112.12,121.21,0.00
112.12,124.24,0.00
112.12,127.27,0.00
112.12,130.30,0.00
112.12,133.33,0.00
112.12,136.36,0.00
112.12,139.39,0.00
112.12,142.42,0.00
112.12,145.45,0.00
112.12,148.48,0.00
112.12,151.52,0.00
112.12,154.55,0.00
112.12,157.58,0.00
112.12,160.61,0.00
112.12,163.64,0.00
112.12,166.67,0.00
112.12,169.70,0.00
112.12,172.73,0.00
112.12,175.76,0.00
112.12,178.79,0.00
112.12,181.82,0.00
112.12,184.85,0.00
112.12,187.88,0.00
112.12,190.91,0.00
112.12,193.94,0.00
112.12,196.97,0.00
112.12,200.00,0.00
112.12,203.03,0.00
112.12,206.06,0.00
112.12,209.09,0.00
112.12,212.12,0.00
112.12,215.15,0.00
112.12,218.18,0.00
112.12,221.21,0.00
112.12,224.24,0.00
112.12,227.27,0.00
112.12,230.30,0.00
112.12,233.33,0.00
112.12,236.36,0.00
112.12,239.39,0.00
112.12,242.42,0.00
112.12,245.45,0.00
112.12,248.48,0.00
112.12,251.52,0.00
112.12,254.55,0.00
112.12,257.58,0.00
112.12,260.61,0.00
112.12,263.64,0.00
112.12,266.67,0.00
112.12,269.70,0.00
112.12,272.73,0.00
112.12,275.76,0.00
112.12,278.79,0.00
112.12,281.82,0.00
112.12,284.85,0.00
112.12,287.88,0.00
112.12,290.91,0.00
112.12,293.94,0.00
112.12,296.97,0.00
112.12,300.00,0.00
115.15,0.00,0.00
115.15,3.03,0.00
115.15,6.06,0.00
115.15,9.09,0.00
115.15,12.12,0.00
115.15,15.15,0.00
115.15,18.18,0.00
115.15,21.21,0.00
115.15,24.24,0.00
115.15,27.27,0.00
115.15,30.30,0.00
115.15,33.33,0.00
115.15,36.36,0.00
115.15,39.39,0.00
115.15,42.42,0.00
115.15,45.45,0.00
115.15,48.48,0.00
115.15,51.52,0.00
115.15,54.55,0.00
115.15,57.58,0.00
115.15,60.61,0.00
115.15,63.64,0.00
115.15,66.67,0.00
115.15,69.70,0.00
115.15,72.73,0.00
115.15,75.76,0.00
115.15,78.79,0.00
115.15,81.82,0.00
115.15,84.85,0.00
115.15,87.88,0.00
115.15,90.91,0.00
115.15,93.94,0.00
115.15,96.97,0.00
115.15,100.00,0.00
115.15,103.03,0.00
115.15,106.06,0.00
115.15,109.09,0.00
115.15,112.12,0.00
115.15,115.15,0.00
115.15,118.18,0.00
115.15,121.21,0.00
115.15,124.24,0.00
115.15,127.27,0.00
115.15,130.30,0.00
115.15,133.33,0.00
115.15,136.36,0.00
115.15,139.39,0.00
115.15,142.42,0.00
115.15,145.45,0.00
115.15,148.48,0.00
115.15,151.52,0.00
115.15,154.55,0.00
115.15,157.58,0.00
115.15,160.61,0.00
115.15,163.64,0.00
115.15,166.67,0.00
115.15,169.70,0.00
115.15,172.73,0.00
115.15,175.76,0.00
115.15,178.79,0.00
115.15,181.82,0.00
115.15,184.85,0.00
115.15,187.88,0.00
115.15,190.91,0.00
115.15,193.94,0.00
115.15,196.97,0.00
115.15,200.00,0.00
115.15,203.03,0.00
115.15,206.06,0.00
115.15,209.09,0.00
115.15,212.12,0.00
115.15,215.15,0.00
115.15,218.18,0.00
115.15,221.21,0.00
115.15,224.24,0.00
115.15,227.27,0.00
115.15,230.30,0.00
115.15,233.33,0.00
115.15,236.36,0.00
115.15,239.39,0.00
115.15,242.42,0.00
115.15,245.45,0.00
115.15,248.48,0.00
115.15,251.52,0.00
115.15,254.55,0.00
115.15,257.58,0.00
115.15,260.61,0.00
115.15,263.64,0.00
115.15,266.67,0.00
115.15,269.70,0.00
115.15,272.73,0.00
115.15,275.76,0.00
115.15,278.79,0.00
115.15,281.82,0.00
115.15,284.85,0.00
115.15,287.88,0.00
115.15,290.91,0.00
115.15,293.94,0.00
115.15,296.97,0.00
115.15,300.00,0.00
118.18,0.00,0.00
118.18,3.03,0.00
118.18,6.06,0.00
118.18,9.09,0.00
118.18,12.12,0.00
118.18,15.15,0.00
118.18,18.18,0.00
118.18,21.21,0.00
118.18,24.24,0.00
118.18,27.27,0.00
118.18,30.30,0.00
118.18,33.33,0.00
118.18,36.36,0.00
118.18,39.39,0.00
118.18,42.42,0.00
118.18,45.45,0.00
118.18,48.48,0.00
118.18,51.52,0.00
118.18,54.55,0.00
118.18,57.58,0.00
118.18,60.61,0.00
118.18,63.64,0.00
118.18,66.67,0.00
118.18,69.70,0.00
118.18,72.73,0.00
118.18,75.76,0.00
118.18,78.79,0.00
118.18,81.82,0.00
118.18,84.85,0.00
118.18,87.88,0.00
118.18,90.91,0.00
118.18,93.94,0.00
118.18,96.97,0.00
118.18,100.00,0.00
118.18,103.03,0.00
118.18,106.06,0.00
118.18,109.09,0.00
118.18,112.12,0.00
118.18,115.15,0.00
118.18,118.18,0.00
118.18,121.21,0.00
118.18,124.24,0.00
118.18,127.27,0.00
118.18,130.30,0.00
118.18,133.33,0.00
118.18,136.36,0.00
118.18,139.39,0.00
118.18,142.42,0.00
118.18,145.45,0.00
118.18,148.48,0.00
118.18,151.52,0.00
118.18,154.55,0.00
118.18,157.58,0.00
118.18,160.61,0.00
118.18,163.64,0.00
118.18,166.67,0.00
118.18,169.70,0.00
118.18,172.73,0.00
118.18,175.76,0.00
118.18,178.79,0.00
118.18,181.82,0.00
118.18,184.85,0.00
118.18,187.88,0.00
118.18,190.91,0.00
118.18,193.94,0.00
118.18,196.97,0.00
118.18,200.00,0.00
118.18,203.03,0.00
118.18,206.06,0.00
118.18,209.09,0.00
118.18,212.12,0.00
118.18,215.15,0.00
118.18,218.18,0.00
118.18,221.21,0.00
118.18,224.24,0.00
118.18,227.27,0.00
118.18,230.30,0.00
118.18,233.33,0.00
118.18,236.36,0.00
118.18,239.39,0.00
118.18,242.42,0.00
118.18,245.45,0.00
118.18,248.48,0.00
118.18,251.52,0.00
118.18,254.55,0.00
118.18,257.58,0.00
118.18,260.61,0.00
118.18,263.64,0.00
118.18,266.67,0.00
118.18,269.70,0.00
118.18,272.73,0.00
118.18,275.76,0.00
118.18,278.79,0.00
118.18,281.82,0.00
118.18,284.85,0.00
118.18,287.88,0.00
118.18,290.91,0.00
118.18,293.94,0.00
118.18,296.97,0.00
118.18,300.00,0.00
121.21,0.00,0.00
121.21,3.03,0.00
121.21,6.06,0.00
121.21,9.09,0.00
121.21,12.12,0.00
121.21,15.15,0.00
121.21,18.18,0.00
121.21,21.21,0.00
121.21,24.24,0.00
121.21,27.27,0.00
121.21,30.30,0.00
121.21,33.33,0.00
121.21,36.36,0.00
121.21,39.39,0.00
121.21,42.42,0.00
121.21,45.45,0.00
121.21,48.48,0.00
121.21,51.52,0.00
121.21,54.55,0.00
121.21,57.58,0.00
121.21,60.61,0.00
121.21,63.64,0.00
121.21,66.67,0.00
121.21,69.70,0.00
121.21,72.73,0.00
121.21,75.76,0.00
121.21,78.79,0.00
121.21,81.82,0.00
121.21,84.85,0.00
121.21,87.88,0.00
121.21,90.91,0.00
121.21,93.94,0.00
121.21,96.97,0.00
121.21,100.00,0.00
121.21,103.03,0.00
121.21,106.06,0.00
121.21,109.09,0.00
121.21,112.12,0.00
121.21,115.15,0.00
121.21,118.18,0.00
121.21,121.21,0.00
121.21,124.24,0.00
121.21,127.27,0.00
121.21,130.30,0.00
121.21,133.33,0.00
121.21,136.36,0.00
121.21,139.39,0.00
121.21,142.42,0.00
121.21,145.45,0.00
121.21,148.48,0.00
121.21,151.52,0.00
121.21,154.55,0.00
121.21,157.58,0.00
121.21,160.61,0.00
121.21,163.64,0.00
121.21,166.67,0.00
121.21,169.70,0.00
121.21,172.73,0.00
121.21,175.76,0.00
121.21,178.79,0.00
121.21,181.82,0.00
121.21,184.85,0.00
121.21,187.88,0.00
121.21,190.91,0.00
121.21,193.94,0.00
121.21,196.97,0.00
121.21,200.00,0.00
121.21,203.03,0.00
121.21,206.06,0.00
121.21,209.09,0.00
121.21,212.12,0.00
121.21,215.15,0.00
121.21,218.18,0.00
121.21,221.21,0.00
121.21,224.24,0.00
121.21,227.27,0.00
121.21,230.30,0.00
121.21,233.33,0.00
121.21,236.36,0.00
121.21,239.39,0.00
121.21,242.42,0.00
121.21,245.45,0.00
121.21,248.48,0.00
121.21,251.52,0.00
121.21,254.55,0.00
121.21,257.58,0.00
121.21,260.61,0.00
121.21,263.64,0.00
121.21,266.67,0.00
121.21,269.70,0.00
121.21,272.73,0.00
121.21,275.76,0.00
121.21,278.79,0.00
121.21,281.82,0.00
121.21,284.85,0.00
121.21,287.88,0.00
121.21,290.91,0.00
121.21,293.94,0.00
121.21,296.97,0.00
121.21,300.00,0.00
124.24,0.00,0.00
124.24,3.03,0.00
124.24,6.06,0.00
124.24,9.09,0.00
124.24,12.12,0.00
124.24,15.15,0.00
124.24,18.18,0.00
124.24,21.21,0.00
124.24,24.24,0.00
124.24,27.27,0.00
124.24,30.30,0.00
124.24,33.33,0.00
124.24,36.36,0.00
124.24,39.39,0.00
124.24,42.42,0.00
124.24,45.45,0.00
124.24,48.48,0.00
124.24,51.52,0.00
124.24,54.55,0.00
124.24,57.58,0.00
124.24,60.61,0.00
124.24,63.64,0.00
124.24,66.67,0.00
124.24,69.70,0.00
124.24,72.73,0.00
124.24,75.76,0.00
124.24,78.79,0.00
124.24,81.82,0.00
124.24,84.85,0.00
124.24,87.88,0.00
124.24,90.91,0.00
124.24,93.94,0.00
124.24,96.97,0.00
124.24,100.00,0.00
124.24,103.03,0.00
124.24,106.06,0.00
124.24,109.09,0.00
124.24,112.12,0.00
124.24,115.15,0.00
124.24,118.18,0.00
124.24,121.21,0.00
124.24,124.24,0.00
124.24,127.27,0.00
124.24,130.30,0.00
124.24,133.33,0.00
124.24,136.36,0.00
124.24,139.39,0.00
124.24,142.42,0.00
124.24,145.45,0.00
124.24,148.48,0.00
124.24,151.52,0.00
124.24,154.55,0.00
124.24,157.58,0.00
124.24,160.61,0.00
124.24,163.64,0.00
124.24,166.67,0.00
124.24,169.70,0.00
124.24,172.73,0.00
124.24,175.76,0.00
124.24,178.79,0.00
124.24,181.82,0.00
124.24,184.85,0.00
124.24,187.88,0.00
124.24,190.91,0.00
124.24,193.94,0.00
124.24,196.97,0.00
124.24,200.00,0.00
124.24,203.03,0.00
124.24,206.06,0.00
124.24,209.09,0.00
124.24,212.12,0.00
124.24,215.15,0.00
124.24,218.18,0.00
124.24,221.21,0.00
124.24,224.24,0.00
124.24,227.27,0.00
124.24,230.30,0.00
124.24,233.33,0.00
124.24,236.36,0.00
124.24,239.39,0.00
124.24,242.42,0.00
124.24,245.45,0.00
124.24,248.48,0.00
124.24,251.52,0.00
124.24,254.55,0.00
124.24,257.58,0.00
124.24,260.61,0.00
124.24,263.64,0.00
124.24,266.67,0.00
124.24,269.70,0.00
124.24,272.73,0.00
124.24,275.76,0.00
124.24,278.79,0.00
124.24,281.82,0.00
124.24,284.85,0.00
124.24,287.88,0.00
124.24,290.91,0.00
124.24,293.94,0.00
124.24,296.97,0.00
124.24,300.00,0.00
127.27,0.00,0.00
127.27,3.03,0.00
127.27,6.06,0.00
127.27,9.09,0.00
127.27,12.12,0.00
127.27,15.15,0.00
127.27,18.18,0.00
127.27,21.21,0.00
127.27,24.24,0.00
127.27,27.27,0.00
127.27,30.30,0.00
127.27,33.33,0.00
127.27,36.36,0.00
127.27,39.39,0.00
127.27,42.42,0.00
127.27,45.45,0.00
127.27,48.48,0.00
127.27,51.52,0.00
127.27,54.55,0.00
127.27,57.58,0.00
127.27,60.61,0.00
127.27,63.64,0.00
127.27,66.67,0.00
127.27,69.70,0.00
127.27,72.73,0.00
127.27,75.76,0.00
127.27,78.79,0.00
127.27,81.82,0.00
127.27,84.85,0.00
127.27,87.88,0.00
127.27,90.91,0.00
127.27,93.94,0.00
127.27,96.97,0.00
127.27,100.00,0.00
127.27,103.03,0.00
127.27,106.06,0.00
127.27,109.09,0.00
127.27,112.12,0.00
127.27,115.15,0.00
127.27,118.18,0.00
127.27,121.21,0.00
127.27,124.24,0.00
127.27,127.27,0.00
127.27,130.30,0.00
127.27,133.33,0.00
127.27,136.36,0.00
127.27,139.39,0.00
127.27,142.42,0.00
127.27,145.45,0.00
127.27,148.48,0.00
127.27,151.52,0.00
127.27,154.55,0.00
127.27,157.58,0.00
127.27,160.61,0.00
127.27,163.64,0.00
127.27,166.67,0.00
127.27,169.70,0.00
127.27,172.73,0.00
127.27,175.76,0.00
127.27,178.79,0.00
127.27,181.82,0.00
127.27,184.85,0.00
127.27,187.88,0.00
127.27,190.91,0.00
127.27,193.94,0.00
127.27,196.97,0.00
127.27,200.00,0.00
127.27,203.03,0.00
127.27,206.06,0.00
127.27,209.09,0.00
127.27,212.12,0.00
127.27,215.15,0.00
127.27,218.18,0.00
127.27,221.21,0.00
127.27,224.24,0.00
127.27,227.27,0.00
127.27,230.30,0.00
127.27,233.33,0.00
127.27,236.36,0.00
127.27,239.39,0.00
127.27,242.42,0.00
127.27,245.45,0.00
127.27,248.48,0.00
127.27,251.52,0.00
127.27,254.55,0.00
127.27,257.58,0.00
127.27,260.61,0.00
127.27,263.64,0.00
127.27,266.67,0.00
127.27,269.70,0.00
127.27,272.73,0.00
127.27,275.76,0.00
127.27,278.79,0.00
127.27,281.82,0.00
127.27,284.85,0.00
127.27,287.88,0.00
127.27,290.91,0.00
127.27,293.94,0.00
127.27,296.97,0.00
127.27,300.00,0.00
130.30,0.00,0.00
130.30,3.03,0.00
130.30,6.06,0.00
130.30,9.09,0.00
130.30,12.12,0.00
130.30,15.15,0.00
130.30,18.18,0.00
130.30,21.21,0.00
130.30,24.24,0.00
130.30,27.27,0.00
130.30,30.30,0.00
130.30,33.33,0.00
130.30,36.36,0.00
130.30,39.39,0.00
130.30,42.42,0.00
130.30,45.45,0.00
130.30,48.48,0.00
130.30,51.52,0.00
130.30,54.55,0.00
130.30,57.58,0.00
130.30,60.61,0.00
130.30,63.64,0.00
130.30,66.67,0.00
130.30,69.70,0.00
130.30,72.73,0.00
130.30,75.76,0.00
130.30,78.79,0.00
130.30,81.82,0.00
130.30,84.85,0.00
130.30,87.88,0.00
130.30,90.91,0.00
130.30,93.94,0.00
130.30,96.97,0.00
130.30,100.00,0.00
130.30,103.03,0.00
130.30,106.06,0.00
130.30,109.09,0.00
130.30,112.12,0.00
130.30,115.15,0.00
130.30,118.18,0.00
130.30,121.21,0.00
130.30,124.24,0.00
130.30,127.27,0.00
130.30,130.30,0.00
130.30,133.33,0.00
130.30,136.36,0.00
130.30,139.39,0.00
130.30,142.42,0.00
130.30,145.45,0.00
130.30,148.48,0.00
130.30,151.52,0.00
130.30,154.55,0.00
130.30,157.58,0.00
130.30,160.61,0.00
130.30,163.64,0.00
130.30,166.67,0.00
130.30,169.70,0.00
130.30,172.73,0.00
130.30,175.76,0.00
130.30,178.79,0.00
130.30,181.82,0.00
130.30,184.85,0.00
130.30,187.88,0.00
130.30,190.91,0.00
130.30,193.94,0.00
130.30,196.97,0.00
130.30,200.00,0.00
130.30,203.03,0.00
130.30,206.06,0.00
130.30,209.09,0.00
130.30,212.12,0.00
130.30,215.15,0.00
130.30,218.18,0.00
130.30,221.21,0.00
130.30,224.24,0.00
130.30,227.27,0.00
130.30,230.30,0.00
130.30,233.33,0.00
130.30,236.36,0.00
130.30,239.39,0.00
130.30,242.42,0.00
130.30,245.45,0.00
130.30,248.48,0.00
130.30,251.52,0.00
130.30,254.55,0.00
130.30,257.58,0.00
130.30,260.61,0.00
130.30,263.64,0.00
130.30,266.67,0.00
130.30,269.70,0.00
130.30,272.73,0.00
130.30,275.76,0.00
130.30,278.79,0.00
130.30,281.82,0.00
130.30,284.85,0.00
130.30,287.88,0.00
130.30,290.91,0.00
130.30,293.94,0.00
130.30,296.97,0.00
130.30,300.00,0.00
133.33,0.00,0.00
133.33,3.03,0.00
133.33,6.06,0.00
133.33,9.09,0.00
133.33,12.12,0.00
133.33,15.15,0.00
133.33,18.18,0.00
133.33,21.21,0.00
133.33,24.24,0.00
133.33,27.27,0.00
133.33,30.30,0.00
133.33,33.33,0.00
133.33,36.36,0.00
133.33,39.39,0.00
133.33,42.42,0.00
133.33,45.45,0.00
133.33,48.48,0.00
133.33,51.52,0.00
133.33,54.55,0.00
133.33,57.58,0.00
133.33,60.61,0.00
133.33,63.64,0.00
133.33,66.67,0.00
133.33,69.70,0.00
133.33,72.73,0.00
133.33,75.76,0.00
133.33,78.79,0.00
133.33,81.82,0.00
133.33,84.85,0.00
133.33,87.88,0.00
133.33,90.91,0.00
133.33,93.94,0.00
133.33,96.97,0.00
133.33,100.00,0.00
133.33,103.03,0.00
133.33,106.06,0.00
133.33,109.09,0.00
133.33,112.12,0.00
133.33,115.15,0.00
133.33,118.18,0.00
133.33,121.21,0.00
133.33,124.24,0.00
133.33,127.27,0.00
133.33,130.30,0.00
133.33,133.33,0.00
133.33,136.36,0.00
133.33,139.39,0.00
133.33,142.42,0.00
133.33,145.45,0.00
133.33,148.48,0.00
133.33,151.52,0.00
133.33,154.55,0.00
133.33,157.58,0.00
133.33,160.61,0.00
133.33,163.64,0.00
133.33,166.67,0.00
133.33,169.70,0.00
133.33,172.73,0.00
133.33,175.76,0.00
133.33,178.79,0.00
133.33,181.82,0.00
133.33,184.85,0.00
133.33,187.88,0.00
133.33,190.91,0.00
133.33,193.94,0.00
133.33,196.97,0.00
133.33,200.00,0.00
133.33,203.03,0.00
133.33,206.06,0.00
133.33,209.09,0.00
133.33,212.12,0.00
133.33,215.15,0.00
133.33,218.18,0.00
133.33,221.21,0.00
133.33,224.24,0.00
133.33,227.27,0.00
133.33,230.30,0.00
133.33,233.33,0.00
133.33,236.36,0.00
133.33,239.39,0.00
133.33,242.42,0.00
133.33,245.45,0.00
133.33,248.48,0.00
133.33,251.52,0.00
133.33,254.55,0.00
133.33,257.58,0.00
133.33,260.61,0.00
133.33,263.64,0.00
133.33,266.67,0.00
133.33,269.70,0.00
133.33,272.73,0.00
133.33,275.76,0.00
133.33,278.79,0.00
133.33,281.82,0.00
133.33,284.85,0.00
133.33,287.88,0.00
133.33,290.91,0.00
133.33,293.94,0.00
133.33,296.97,0.00
133.33,300.00,0.00
136.36,0.00,0.00
136.36,3.03,0.00
136.36,6.06,0.00
136.36,9.09,0.00
136.36,12.12,0.00
136.36,15.15,0.00
136.36,18.18,0.00
136.36,21.21,0.00
136.36,24.24,0.00
136.36,27.27,0.00
136.36,30.30,0.00
136.36,33.33,0.00
136.36,36.36,0.00
136.36,39.39,0.00
136.36,42.42,0.00
136.36,45.45,0.00
136.36,48.48,0.00
136.36,51.52,0.00
136.36,54.55,0.00
136.36,57.58,0.00
136.36,60.61,0.00
136.36,63.64,0.00
136.36,66.67,0.00
136.36,69.70,0.00
136.36,72.73,0.00
136.36,75.76,0.00
136.36,78.79,0.00
136.36,81.82,0.00
136.36,84.85,0.00
136.36,87.88,0.00
136.36,90.91,0.00
136.36,93.94,0.00
136.36,96.97,0.00
136.36,100.00,0.00
136.36,103.03,0.00
136.36,106.06,0.00
136.36,109.09,0.00
136.36,112.12,0.00
136.36,115.15,0.00
136.36,118.18,0.00
136.36,121.21,0.00
136.36,124.24,0.00
136.36,127.27,0.00
136.36,130.30,0.00
136.36,133.33,0.00
136.36,136.36,0.00
136.36,139.39,0.00
136.36,142.42,0.00
136.36,145.45,0.00
136.36,148.48,0.00
136.36,151.52,0.00
136.36,154.55,0.00
136.36,157.58,0.00
136.36,160.61,0.00
136.36,163.64,0.00
136.36,166.67,0.00
136.36,169.70,0.00
136.36,172.73,0.00
136.36,175.76,0.00
136.36,178.79,0.00
136.36,181.82,0.00
136.36,184.85,0.00
136.36,187.88,0.00
136.36,190.91,0.00
136.36,193.94,0.00
136.36,196.97,0.00
136.36,200.00,0.00
136.36,203.03,0.00
136.36,206.06,0.00
136.36,209.09,0.00
136.36,212.12,0.00
136.36,215.15,0.00
136.36,218.18,0.00
136.36,221.21,0.00
136.36,224.24,0.00
136.36,227.27,0.00
136.36,230.30,0.00
136.36,233.33,0.00
136.36,236.36,0.00
136.36,239.39,0.00
136.36,242.42,0.00
136.36,245.45,0.00
136.36,248.48,0.00
136.36,251.52,0.00
136.36,254.55,0.00
136.36,257.58,0.00
136.36,260.61,0.00
136.36,263.64,0.00
136.36,266.67,0.00
136.36,269.70,0.00
136.36,272.73,0.00
136.36,275.76,0.00
136.36,278.79,0.00
136.36,281.82,0.00
136.36,284.85,0.00
136.36,287.88,0.00
136.36,290.91,0.00
136.36,293.94,0.00
136.36,296.97,0.00
136.36,300.00,0.00
139.39,0.00,0.00
139.39,3.03,0.00
139.39,6.06,0.00
139.39,9.09,0.00
139.39,12.12,0.00
139.39,15.15,0.00
139.39,18.18,0.00
139.39,21.21,0.00
139.39,24.24,0.00
139.39,27.27,0.00
139.39,30.30,0.00
139.39,33.33,0.00
139.39,36.36,0.00
139.39,39.39,0.00
139.39,42.42,0.00
139.39,45.45,0.00
139.39,48.48,0.00
139.39,51.52,0.00
139.39,54.55,0.00
139.39,57.58,0.00
139.39,60.61,0.00
139.39,63.64,0.00
139.39,66.67,0.00
139.39,69.70,0.00
139.39,72.73,0.00
139.39,75.76,0.00
139.39,78.79,0.00
139.39,81.82,0.00
139.39,84.85,0.00
139.39,87.88,0.00
139.39,90.91,0.00
139.39,93.94,0.00
139.39,96.97,0.00
139.39,100.00,0.00
139.39,103.03,0.00
139.39,106.06,0.00
139.39,109.09,0.00
139.39,112.12,0.00
139.39,115.15,0.00
139.39,118.18,0.00
139.39,121.21,0.00
139.39,124.24,0.00
139.39,127.27,0.00
139.39,130.30,0.00
139.39,133.33,0.00
139.39,136.36,0.00
139.39,139.39,0.00
139.39,142.42,0.00
139.39,145.45,0.00
139.39,148.48,0.00
139.39,151.52,0.00
139.39,154.55,0.00
139.39,157.58,0.00
139.39,160.61,0.00
139.39,163.64,0.00
139.39,166.67,0.00
139.39,169.70,0.00
139.39,172.73,0.00
139.39,175.76,0.00
139.39,178.79,0.00
139.39,181.82,0.00
139.39,184.85,0.00
139.39,187.88,0.00
139.39,190.91,0.00
139.39,193.94,0.00
139.39,196.97,0.00
139.39,200.00,0.00
139.39,203.03,0.00
139.39,206.06,0.00
139.39,209.09,0.00
139.39,212.12,0.00
139.39,215.15,0.00
139.39,218.18,0.00
139.39,221.21,0.00
139.39,224.24,0.00
139.39,227.27,0.00
139.39,230.30,0.00
139.39,233.33,0.00
139.39,236.36,0.00
139.39,239.39,0.00
139.39,242.42,0.00
139.39,245.45,0.00
139.39,248.48,0.00
139.39,251.52,0.00
139.39,254.55,0.00
139.39,257.58,0.00
139.39,260.61,0.00
139.39,263.64,0.00
139.39,266.67,0.00
139.39,269.70,0.00
139.39,272.73,0.00
139.39,275.76,0.00
139.39,278.79,0.00
139.39,281.82,0.00
139.39,284.85,0.00
139.39,287.88,0.00
139.39,290.91,0.00
139.39,293.94,0.00
139.39,296.97,0.00
139.39,300.00,0.00
142.42,0.00,0.00
142.42,3.03,0.00
142.42,6.06,0.00
142.42,9.09,0.00
142.42,12.12,0.00
142.42,15.15,0.00
142.42,18.18,0.00
142.42,21.21,0.00
142.42,24.24,0.00
142.42,27.27,0.00
142.42,30.30,0.00
142.42,33.33,0.00
142.42,36.36,0.00
142.42,39.39,0.00
142.42,42.42,0.00
142.42,45.45,0.00
142.42,48.48,0.00
142.42,51.52,0.00
142.42,54.55,0.00
142.42,57.58,0.00
142.42,60.61,0.00
142.42,63.64,0.00
142.42,66.67,0.00
142.42,69.70,0.00
142.42,72.73,0.00
142.42,75.76,0.00
142.42,78.79,0.00
142.42,81.82,0.00
142.42,84.85,0.00
142.42,87.88,0.00
142.42,90.91,0.00
142.42,93.94,0.00
142.42,96.97,0.00
142.42,100.00,0.00
142.42,103.03,0.00
142.42,106.06,0.00
142.42,109.09,0.00
142.42,112.12,0.00
142.42,115.15,0.00
142.42,118.18,0.00
142.42,121.21,0.00
142.42,124.24,0.00
142.42,127.27,0.00
142.42,130.30,0.00
142.42,133.33,0.00
142.42,136.36,0.00
142.42,139.39,0.00
142.42,142.42,0.00
142.42,145.45,0.00
142.42,148.48,0.00
142.42,151.52,0.00
142.42,154.55,0.00
142.42,157.58,0.00
142.42,160.61,0.00
142.42,163.64,0.00
142.42,166.67,0.00
142.42,169.70,0.00
142.42,172.73,0.00
142.42,175.76,0.00
142.42,178.79,0.00
142.42,181.82,0.00
142.42,184.85,0.00
142.42,187.88,0.00
142.42,190.91,0.00
142.42,193.94,0.00
142.42,196.97,0.00
142.42,200.00,0.00
142.42,203.03,0.00
142.42,206.06,0.00
142.42,209.09,0.00
142.42,212.12,0.00
142.42,215.15,0.00
142.42,218.18,0.00
142.42,221.21,0.00
142.42,224.24,0.00
142.42,227.27,0.00
142.42,230.30,0.00
142.42,233.33,0.00
142.42,236.36,0.00
142.42,239.39,0.00
142.42,242.42,0.00
142.42,245.45,0.00
142.42,248.48,0.00
142.42,251.52,0.00
142.42,254.55,0.00
142.42,257.58,0.00
142.42,260.61,0.00
142.42,263.64,0.00
142.42,266.67,0.00
142.42,269.70,0.00
142.42,272.73,0.00
142.42,275.76,0.00
142.42,278.79,0.00
142.42,281.82,0.00
142.42,284.85,0.00
142.42,287.88,0.00
142.42,290.91,0.00
142.42,293.94,0.00
142.42,296.97,0.00
142.42,300.00,0.00
145.45,0.00,0.00
145.45,3.03,0.00
145.45,6.06,0.00
145.45,9.09,0.00
145.45,12.12,0.00
145.45,15.15,0.00
145.45,18.18,0.00
145.45,21.21,0.00
145.45,24.24,0.00
145.45,27.27,0.00
145.45,30.30,0.00
145.45,33.33,0.00
145.45,36.36,0.00
145.45,39.39,0.00
145.45,42.42,0.00
145.45,45.45,0.00
145.45,48.48,0.00
145.45,51.52,0.00
145.45,54.55,0.00
145.45,57.58,0.00
145.45,60.61,0.00
145.45,63.64,0.00
145.45,66.67,0.00
145.45,69.70,0.00
145.45,72.73,0.00
145.45,75.76,0.00
145.45,78.79,0.00
145.45,81.82,0.00
145.45,84.85,0.00
145.45,87.88,0.00
145.45,90.91,0.00
145.45,93.94,0.00
145.45,96.97,0.00
145.45,100.00,0.00
145.45,103.03,0.00
145.45,106.06,0.00
145.45,109.09,0.00
145.45,112.12,0.00
145.45,115.15,0.00
145.45,118.18,0.00
145.45,121.21,0.00
145.45,124.24,0.00
145.45,127.27,0.00
145.45,130.30,0.00
145.45,133.33,0.00
145.45,136.36,0.00
145.45,139.39,0.00
145.45,142.42,0.00
145.45,145.45,0.00
145.45,148.48,0.00
145.45,151.52,0.00
145.45,154.55,0.00
145.45,157.58,0.00
145.45,160.61,0.00
145.45,163.64,0.00
145.45,166.67,0.00
145.45,169.70,0.00
145.45,172.73,0.00
145.45,175.76,0.00
145.45,178.79,0.00
145.45,181.82,0.00
145.45,184.85,0.00
145.45,187.88,0.00
145.45,190.91,0.00
145.45,193.94,0.00
145.45,196.97,0.00
145.45,200.00,0.00
145.45,203.03,0.00
145.45,206.06,0.00
145.45,209.09,0.00
145.45,212.12,0.00
145.45,215.15,0.00
145.45,218.18,0.00
145.45,221.21,0.00
145.45,224.24,0.00
145.45,227.27,0.00
145.45,230.30,0.00
145.45,233.33,0.00
145.45,236.36,0.00
145.45,239.39,0.00
145.45,242.42,0.00
145.45,245.45,0.00
145.45,248.48,0.00
145.45,251.52,0.00
145.45,254.55,0.00
145.45,257.58,0.00
145.45,260.61,0.00
145.45,263.64,0.00
145.45,266.67,0.00
145.45,269.70,0.00
145.45,272.73,0.00
145.45,275.76,0.00
145.45,278.79,0.00
145.45,281.82,0.00
145.45,284.85,0.00
145.45,287.88,0.00
145.45,290.91,0.00
145.45,293.94,0.00
145.45,296.97,0.00
145.45,300.00,0.00
148.48,0.00,0.00
148.48,3.03,0.00
148.48,6.06,0.00
148.48,9.09,0.00
148.48,12.12,0.00
148.48,15.15,0.00
148.48,18.18,0.00
148.48,21.21,0.00
148.48,24.24,0.00
148.48,27.27,0.00
148.48,30.30,0.00
148.48,33.33,0.00
148.48,36.36,0.00
148.48,39.39,0.00
148.48,42.42,0.00
148.48,45.45,0.00
148.48,48.48,0.00
148.48,51.52,0.00
148.48,54.55,0.00
148.48,57.58,0.00
148.48,60.61,0.00
148.48,63.64,0.00
148.48,66.67,0.00
148.48,69.70,0.00
148.48,72.73,0.00
148.48,75.76,0.00
148.48,78.79,0.00
148.48,81.82,0.00
148.48,84.85,0.00
148.48,87.88,0.00
148.48,90.91,0.00
148.48,93.94,0.00
148.48,96.97,0.00
148.48,100.00,0.00
148.48,103.03,0.00
148.48,106.06,0.00
148.48,109.09,0.00
148.48,112.12,0.00
148.48,115.15,0.00
148.48,118.18,0.00
148.48,121.21,0.00
148.48,124.24,0.00
148.48,127.27,0.00
148.48,130.30,0.00
148.48,133.33,0.00
148.48,136.36,0.00
148.48,139.39,0.00
148.48,142.42,0.00
148.48,145.45,0.00
148.48,148.48,0.00
148.48,151.52,0.00
148.48,154.55,0.00
148.48,157.58,0.00
148.48,160.61,0.00
148.48,163.64,0.00
148.48,166.67,0.00
148.48,169.70,0.00
148.48,172.73,0.00
148.48,175.76,0.00
148.48,178.79,0.00
148.48,181.82,0.00
148.48,184.85,0.00
148.48,187.88,0.00
148.48,190.91,0.00
148.48,193.94,0.00
148.48,196.97,0.00
148.48,200.00,0.00
148.48,203.03,0.00
148.48,206.06,0.00
148.48,209.09,0.00
148.48,212.12,0.00
148.48,215.15,0.00
148.48,218.18,0.00
148.48,221.21,0.00
148.48,224.24,0.00
148.48,227.27,0.00
148.48,230.30,0.00
148.48,233.33,0.00
148.48,236.36,0.00
148.48,239.39,0.00
148.48,242.42,0.00
148.48,245.45,0.00
148.48,248.48,0.00
148.48,251.52,0.00
148.48,254.55,0.00
148.48,257.58,0.00
148.48,260.61,0.00
148.48,263.64,0.00
148.48,266.67,0.00
148.48,269.70,0.00
148.48,272.73,0.00
148.48,275.76,0.00
148.48,278.79,0.00
148.48,281.82,0.00
148.48,284.85,0.00
148.48,287.88,0.00
148.48,290.91,0.00
148.48,293.94,0.00
148.48,296.97,0.00
148.48,300.00,0.00
151.52,0.00,0.00
151.52,3.03,0.00
151.52,6.06,0.00
151.52,9.09,0.00
151.52,12.12,0.00
151.52,15.15,0.00
151.52,18.18,0.00
151.52,21.21,0.00
151.52,24.24,0.00
151.52,27.27,0.00
151.52,30.30,0.00
151.52,33.33,0.00
151.52,36.36,0.00
151.52,39.39,0.00
151.52,42.42,0.00
151.52,45.45,0.00
151.52,48.48,0.00
151.52,51.52,0.00
151.52,54.55,0.00
151.52,57.58,0.00
151.52,60.61,0.00
151.52,63.64,0.00
151.52,66.67,0.00
151.52,69.70,0.00
151.52,72.73,0.00
151.52,75.76,0.00
151.52,78.79,0.00
151.52,81.82,0.00
151.52,84.85,0.00
151.52,87.88,0.00
151.52,90.91,0.00
151.52,93.94,0.00
151.52,96.97,0.00
151.52,100.00,0.00
151.52,103.03,0.00
151.52,106.06,0.00
151.52,109.09,0.00
151.52,112.12,0.00
151.52,115.15,0.00
151.52,118.18,0.00
151.52,121.21,0.00
151.52,124.24,0.00
151.52,127.27,0.00
151.52,130.30,0.00
151.52,133.33,0.00
151.52,136.36,0.00
151.52,139.39,0.00
151.52,142.42,0.00
151.52,145.45,0.00
151.52,148.48,0.00
151.52,151.52,0.00
151.52,154.55,0.00
151.52,157.58,0.00
151.52,160.61,0.00
151.52,163.64,0.00
151.52,166.67,0.00
151.52,169.70,0.00
151.52,172.73,0.00
151.52,175.76,0.00
151.52,178.79,0.00
151.52,181.82,0.00
151.52,184.85,0.00
151.52,187.88,0.00
151.52,190.91,0.00
151.52,193.94,0.00
151.52,196.97,0.00
151.52,200.00,0.00
151.52,203.03,0.00
151.52,206.06,0.00
151.52,209.09,0.00
151.52,212.12,0.00
151.52,215.15,0.00
151.52,218.18,0.00
151.52,221.21,0.00
151.52,224.24,0.00
151.52,227.27,0.00
151.52,230.30,0.00
151.52,233.33,0.00
151.52,236.36,0.00
151.52,239.39,0.00
151.52,242.42,0.00
151.52,245.45,0.00
151.52,248.48,0.00
151.52,251.52,0.00
151.52,254.55,0.00
151.52,257.58,0.00
151.52,260.61,0.00
151.52,263.64,0.00
151.52,266.67,0.00
151.52,269.70,0.00
151.52,272.73,0.00
151.52,275.76,0.00
151.52,278.79,0.00
151.52,281.82,0.00
151.52,284.85,0.00
151.52,287.88,0.00
151.52,290.91,0.00
151.52,293.94,0.00
151.52,296.97,0.00
151.52,300.00,0.00
154.55,0.00,0.00
154.55,3.03,0.00
154.55,6.06,0.00
154.55,9.09,0.00
154.55,12.12,0.00
154.55,15.15,0.00
154.55,18.18,0.00
154.55,21.21,0.00
154.55,24.24,0.00
154.55,27.27,0.00
154.55,30.30,0.00
154.55,33.33,0.00
154.55,36.36,0.00
154.55,39.39,0.00
154.55,42.42,0.00
154.55,45.45,0.00
154.55,48.48,0.00
154.55,51.52,0.00
154.55,54.55,0.00
154.55,57.58,0.00
154.55,60.61,0.00
154.55,63.64,0.00
154.55,66.67,0.00
154.55,69.70,0.00
154.55,72.73,0.00
154.55,75.76,0.00
154.55,78.79,0.00
154.55,81.82,0.00
154.55,84.85,0.00
154.55,87.88,0.00
154.55,90.91,0.00
154.55,93.94,0.00
154.55,96.97,0.00
154.55,100.00,0.00
154.55,103.03,0.00
154.55,106.06,0.00
154.55,109.09,0.00
154.55,112.12,0.00
154.55,115.15,0.00
154.55,118.18,0.00
154.55,121.21,0.00
154.55,124.24,0.00
154.55,127.27,0.00
154.55,130.30,0.00
154.55,133.33,0.00
154.55,136.36,0.00
154.55,139.39,0.00
154.55,142.42,0.00
154.55,145.45,0.00
154.55,148.48,0.00
154.55,151.52,0.00
154.55,154.55,0.00
154.55,157.58,0.00
154.55,160.61,0.00
154.55,163.64,0.00
154.55,166.67,0.00
154.55,169.70,0.00
154.55,172.73,0.00
154.55,175.76,0.00
154.55,178.79,0.00
154.55,181.82,0.00
154.55,184.85,0.00
154.55,187.88,0.00
154.55,190.91,0.00
154.55,193.94,0.00
154.55,196.97,0.00
154.55,200.00,0.00
154.55,203.03,0.00
154.55,206.06,0.00
154.55,209.09,0.00
154.55,212.12,0.00
154.55,215.15,0.00
154.55,218.18,0.00
154.55,221.21,0.00
154.55,224.24,0.00
154.55,227.27,0.00
154.55,230.30,0.00
154.55,233.33,0.00
154.55,236.36,0.00
154.55,239.39,0.00
154.55,242.42,0.00
154.55,245.45,0.00
154.55,248.48,0.00
154.55,251.52,0.00
154.55,254.55,0.00
154.55,257.58,0.00
154.55,260.61,0.00
154.55,263.64,0.00
154.55,266.67,0.00
154.55,269.70,0.00
154.55,272.73,0.00
154.55,275.76,0.00
154.55,278.79,0.00
154.55,281.82,0.00
154.55,284.85,0.00
154.55,287.88,0.00
154.55,290.91,0.00
154.55,293.94,0.00
154.55,296.97,0.00
154.55,300.00,0.00
157.58,0.00,0.00
157.58,3.03,0.00
157.58,6.06,0.00
157.58,9.09,0.00
157.58,12.12,0.00
157.58,15.15,0.00
157.58,18.18,0.00
157.58,21.21,0.00
157.58,24.24,0.00
157.58,27.27,0.00
157.58,30.30,0.00
157.58,33.33,0.00
157.58,36.36,0.00
157.58,39.39,0.00
157.58,42.42,0.00
157.58,45.45,0.00
157.58,48.48,0.00
157.58,51.52,0.00
157.58,54.55,0.00
157.58,57.58,0.00
157.58,60.61,0.00
157.58,63.64,0.00
157.58,66.67,0.00
157.58,69.70,0.00
157.58,72.73,0.00
157.58,75.76,0.00
157.58,78.79,0.00
157.58,81.82,0.00
157.58,84.85,0.00
157.58,87.88,0.00
157.58,90.91,0.00
157.58,93.94,0.00
157.58,96.97,0.00
157.58,100.00,0.00
157.58,103.03,0.00
157.58,106.06,0.00
157.58,109.09,0.00
157.58,112.12,0.00
157.58,115.15,0.00
157.58,118.18,0.00
157.58,121.21,0.00
157.58,124.24,0.00
157.58,127.27,0.00
157.58,130.30,0.00
157.58,133.33,0.00
157.58,136.36,0.00
157.58,139.39,0.00
157.58,142.42,0.00
157.58,145.45,0.00
157.58,148.48,0.00
157.58,151.52,0.00
157.58,154.55,0.00
157.58,157.58,0.00
157.58,160.61,0.00
157.58,163.64,0.00
157.58,166.67,0.00
157.58,169.70,0.00
157.58,172.73,0.00
157.58,175.76,0.00
157.58,178.79,0.00
157.58,181.82,0.00
157.58,184.85,0.00
157.58,187.88,0.00
157.58,190.91,0.00
157.58,193.94,0.00
157.58,196.97,0.00
157.58,200.00,0.00
157.58,203.03,0.00
157.58,206.06,0.00
157.58,209.09,0.00
157.58,212.12,0.00
157.58,215.15,0.00
157.58,218.18,0.00
157.58,221.21,0.00
157.58,224.24,0.00
157.58,227.27,0.00
157.58,230.30,0.00
157.58,233.33,0.00
157.58,236.36,0.00
157.58,239.39,0.00
157.58,242.42,0.00
157.58,245.45,0.00
157.58,248.48,0.00
157.58,251.52,0.00
157.58,254.55,0.00
157.58,257.58,0.00
157.58,260.61,0.00
157.58,263.64,0.00
157.58,266.67,0.00
157.58,269.70,0.00
157.58,272.73,0.00
157.58,275.76,0.00
157.58,278.79,0.00
157.58,281.82,0.00
157.58,284.85,0.00
157.58,287.88,0.00
157.58,290.91,0.00
157.58,293.94,0.00
157.58,296.97,0.00
157.58,300.00,0.00
160.61,0.00,0.00
160.61,3.03,0.00
160.61,6.06,0.00
160.61,9.09,0.00
160.61,12.12,0.00
160.61,15.15,0.00
160.61,18.18,0.00
160.61,21.21,0.00
160.61,24.24,0.00
160.61,27.27,0.00
160.61,30.30,0.00
160.61,33.33,0.00
160.61,36.36,0.00
160.61,39.39,0.00
160.61,42.42,0.00
160.61,45.45,0.00
160.61,48.48,0.00
160.61,51.52,0.00
160.61,54.55,0.00
160.61,57.58,0.00
160.61,60.61,0.00
160.61,63.64,0.00
160.61,66.67,0.00
160.61,69.70,0.00
160.61,72.73,0.00
160.61,75.76,0.00
160.61,78.79,0.00
160.61,81.82,0.00
160.61,84.85,0.00
160.61,87.88,0.00
160.61,90.91,0.00
160.61,93.94,0.00
160.61,96.97,0.00
160.61,100.00,0.00
160.61,103.03,0.00
160.61,106.06,0.00
160.61,109.09,0.00
160.61,112.12,0.00
160.61,115.15,0.00
160.61,118.18,0.00
160.61,121.21,0.00
160.61,124.24,0.00
160.61,127.27,0.00
160.61,130.30,0.00
160.61,133.33,0.00
160.61,136.36,0.00
160.61,139.39,0.00
160.61,142.42,0.00
160.61,145.45,0.00
160.61,148.48,0.00
160.61,151.52,0.00
160.61,154.55,0.00
160.61,157.58,0.00
160.61,160.61,0.00
160.61,163.64,0.00
160.61,166.67,0.00
160.61,169.70,0.00
160.61,172.73,0.00
160.61,175.76,0.00
160.61,178.79,0.00
160.61,181.82,0.00
160.61,184.85,0.00
160.61,187.88,0.00
160.61,190.91,0.00
160.61,193.94,0.00
160.61,196.97,0.00
160.61,200.00,0.00
160.61,203.03,0.00
160.61,206.06,0.00
160.61,209.09,0.00
160.61,212.12,0.00
160.61,215.15,0.00
160.61,218.18,0.00
160.61,221.21,0.00
160.61,224.24,0.00
160.61,227.27,0.00
160.61,230.30,0.00
160.61,233.33,0.00
160.61,236.36,0.00
160.61,239.39,0.00
160.61,242.42,0.00
160.61,245.45,0.00
160.61,248.48,0.00
160.61,251.52,0.00
160.61,254.55,0.00
160.61,257.58,0.00
160.61,260.61,0.00
160.61,263.64,0.00
160.61,266.67,0.00
160.61,269.70,0.00
160.61,272.73,0.00
160.61,275.76,0.00
160.61,278.79,0.00
160.61,281.82,0.00
160.61,284.85,0.00
160.61,287.88,0.00
160.61,290.91,0.00
160.61,293.94,0.00
160.61,296.97,0.00
160.61,300.00,0.00
163.64,0.00,0.00
163.64,3.03,0.00
163.64,6.06,0.00
163.64,9.09,0.00
163.64,12.12,0.00
163.64,15.15,0.00
163.64,18.18,0.00
163.64,21.21,0.00
163.64,24.24,0.00
163.64,27.27,0.00
163.64,30.30,0.00
163.64,33.33,0.00
163.64,36.36,0.00
163.64,39.39,0.00
163.64,42.42,0.00
163.64,45.45,0.00
163.64,48.48,0.00
163.64,51.52,0.00
163.64,54.55,0.00
163.64,57.58,0.00
163.64,60.61,0.00
163.64,63.64,0.00
163.64,66.67,0.00
163.64,69.70,0.00
163.64,72.73,0.00
163.64,75.76,0.00
163.64,78.79,0.00
163.64,81.82,0.00
163.64,84.85,0.00
163.64,87.88,0.00
163.64,90.91,0.00
163.64,93.94,0.00
163.64,96.97,0.00
163.64,100.00,0.00
163.64,103.03,0.00
163.64,106.06,0.00
163.64,109.09,0.00
163.64,112.12,0.00
163.64,115.15,0.00
163.64,118.18,0.00
163.64,121.21,0.00
163.64,124.24,0.00
163.64,127.27,0.00
163.64,130.30,0.00
163.64,133.33,0.00
163.64,136.36,0.00
163.64,139.39,0.00
163.64,142.42,0.00
163.64,145.45,0.00
163.64,148.48,0.00
163.64,151.52,0.00
163.64,154.55,0.00
163.64,157.58,0.00
163.64,160.61,0.00
163.64,163.64,0.00
163.64,166.67,0.00
163.64,169.70,0.00
163.64,172.73,0.00
163.64,175.76,0.00
163.64,178.79,0.00
163.64,181.82,0.00
163.64,184.85,0.00
163.64,187.88,0.00
163.64,190.91,0.00
163.64,193.94,0.00
163.64,196.97,0.00
163.64,200.00,0.00
163.64,203.03,0.00
163.64,206.06,0.00
163.64,209.09,0.00
163.64,212.12,0.00
163.64,215.15,0.00
163.64,218.18,0.00
163.64,221.21,0.00
163.64,224.24,0.00
163.64,227.27,0.00
163.64,230.30,0.00
163.64,233.33,0.00
163.64,236.36,0.00
163.64,239.39,0.00
163.64,242.42,0.00
163.64,245.45,0.00
163.64,248.48,0.00
163.64,251.52,0.00
163.64,254.55,0.00
163.64,257.58,0.00
163.64,260.61,0.00
163.64,263.64,0.00
163.64,266.67,0.00
163.64,269.70,0.00
163.64,272.73,0.00
163.64,275.76,0.00
163.64,278.79,0.00
163.64,281.82,0.00
163.64,284.85,0.00
163.64,287.88,0.00
163.64,290.91,0.00
163.64,293.94,0.00
163.64,296.97,0.00
163.64,300.00,0.00
166.67,0.00,0.00
166.67,3.03,0.00
166.67,6.06,0.00
166.67,9.09,0.00
166.67,12.12,0.00
166.67,15.15,0.00
166.67,18.18,0.00
166.67,21.21,0.00
166.67,24.24,0.00
166.67,27.27,0.00
166.67,30.30,0.00
166.67,33.33,0.00
166.67,36.36,0.00
166.67,39.39,0.00
166.67,42.42,0.00
166.67,45.45,0.00
166.67,48.48,0.00
166.67,51.52,0.00
166.67,54.55,0.00
166.67,57.58,0.00
166.67,60.61,0.00
166.67,63.64,0.00
166.67,66.67,0.00
166.67,69.70,0.00
166.67,72.73,0.00
166.67,75.76,0.00
166.67,78.79,0.00
166.67,81.82,0.00
166.67,84.85,0.00
166.67,87.88,0.00
166.67,90.91,0.00
166.67,93.94,0.00
166.67,96.97,0.00
166.67,100.00,0.00
166.67,103.03,0.00
166.67,106.06,0.00
166.67,109.09,0.00
166.67,112.12,0.00
166.67,115.15,0.00
166.67,118.18,0.00
166.67,121.21,0.00
166.67,124.24,0.00
166.67,127.27,0.00
166.67,130.30,0.00
166.67,133.33,0.00
166.67,136.36,0.00
166.67,139.39,0.00
166.67,142.42,0.00
166.67,145.45,0.00
166.67,148.48,0.00
166.67,151.52,0.00
166.67,154.55,0.00
166.67,157.58,0.00
166.67,160.61,0.00
166.67,163.64,0.00
166.67,166.67,0.00
166.67,169.70,0.00
166.67,172.73,0.00
166.67,175.76,0.00
166.67,178.79,0.00
166.67,181.82,0.00
166.67,184.85,0.00
166.67,187.88,0.00
166.67,190.91,0.00
166.67,193.94,0.00
166.67,196.97,0.00
166.67,200.00,0.00
166.67,203.03,0.00
166.67,206.06,0.00
166.67,209.09,0.00
166.67,212.12,0.00
166.67,215.15,0.00
166.67,218.18,0.00
166.67,221.21,0.00
166.67,224.24,0.00
166.67,227.27,0.00
166.67,230.30,0.00
166.67,233.33,0.00
166.67,236.36,0.00
166.67,239.39,0.00
166.67,242.42,0.00
166.67,245.45,0.00
166.67,248.48,0.00
166.67,251.52,0.00
166.67,254.55,0.00
166.67,257.58,0.00
166.67,260.61,0.00
166.67,263.64,0.00
166.67,266.67,0.00
166.67,269.70,0.00
166.67,272.73,0.00
166.67,275.76,0.00
166.67,278.79,0.00
166.67,281.82,0.00
166.67,284.85,0.00
166.67,287.88,0.00
166.67,290.91,0.00
166.67,293.94,0.00
166.67,296.97,0.00
166.67,300.00,0.00
169.70,0.00,0.00
169.70,3.03,0.00
169.70,6.06,0.00
169.70,9.09,0.00
169.70,12.12,0.00
169.70,15.15,0.00
169.70,18.18,0.00
169.70,21.21,0.00
169.70,24.24,0.00
169.70,27.27,0.00
169.70,30.30,0.00
169.70,33.33,0.00
169.70,36.36,0.00
169.70,39.39,0.00
169.70,42.42,0.00
169.70,45.45,0.00
169.70,48.48,0.00
169.70,51.52,0.00
169.70,54.55,0.00
169.70,57.58,0.00
169.70,60.61,0.00
169.70,63.64,0.00
169.70,66.67,0.00
169.70,69.70,0.00
169.70,72.73,0.00
169.70,75.76,0.00
169.70,78.79,0.00
169.70,81.82,0.00
169.70,84.85,0.00
169.70,87.88,0.00
169.70,90.91,0.00
169.70,93.94,0.00
169.70,96.97,0.00
169.70,100.00,0.00
169.70,103.03,0.00
169.70,106.06,0.00
169.70,109.09,0.00
169.70,112.12,0.00
169.70,115.15,0.00
169.70,118.18,0.00
169.70,121.21,0.00
169.70,124.24,0.00
169.70,127.27,0.00
169.70,130.30,0.00
169.70,133.33,0.00
169.70,136.36,0.00
169.70,139.39,0.00
169.70,142.42,0.00
169.70,145.45,0.00
169.70,148.48,0.00
169.70,151.52,0.00
169.70,154.55,0.00
169.70,157.58,0.00
169.70,160.61,0.00
169.70,163.64,0.00
169.70,166.67,0.00
169.70,169.70,0.00
169.70,172.73,0.00
169.70,175.76,0.00
169.70,178.79,0.00
169.70,181.82,0.00
169.70,184.85,0.00
169.70,187.88,0.00
169.70,190.91,0.00
169.70,193.94,0.00
169.70,196.97,0.00
169.70,200.00,0.00
169.70,203.03,0.00
169.70,206.06,0.00
169.70,209.09,0.00
169.70,212.12,0.00
169.70,215.15,0.00
169.70,218.18,0.00
169.70,221.21,0.00
169.70,224.24,0.00
169.70,227.27,0.00
169.70,230.30,0.00
169.70,233.33,0.00
169.70,236.36,0.00
169.70,239.39,0.00
169.70,242.42,0.00
169.70,245.45,0.00
169.70,248.48,0.00
169.70,251.52,0.00
169.70,254.55,0.00
169.70,257.58,0.00
169.70,260.61,0.00
169.70,263.64,0.00
169.70,266.67,0.00
169.70,269.70,0.00
169.70,272.73,0.00
169.70,275.76,0.00
169.70,278.79,0.00
169.70,281.82,0.00
169.70,284.85,0.00
169.70,287.88,0.00
169.70,290.91,0.00
169.70,293.94,0.00
169.70,296.97,0.00
169.70,300.00,0.00
172.73,0.00,0.00
172.73,3.03,0.00
172.73,6.06,0.00
172.73,9.09,0.00
172.73,12.12,0.00
172.73,15.15,0.00
172.73,18.18,0.00
172.73,21.21,0.00
172.73,24.24,0.00
172.73,27.27,0.00
172.73,30.30,0.00
172.73,33.33,0.00
172.73,36.36,0.00
172.73,39.39,0.00
172.73,42.42,0.00
172.73,45.45,0.00
172.73,48.48,0.00
172.73,51.52,0.00
172.73,54.55,0.00
172.73,57.58,0.00
172.73,60.61,0.00
172.73,63.64,0.00
172.73,66.67,0.00
172.73,69.70,0.00
172.73,72.73,0.00
172.73,75.76,0.00
172.73,78.79,0.00
172.73,81.82,0.00
172.73,84.85,0.00
172.73,87.88,0.00
172.73,90.91,0.00
172.73,93.94,0.00
172.73,96.97,0.00
172.73,100.00,0.00
172.73,103.03,0.00
172.73,106.06,0.00
172.73,109.09,0.00
172.73,112.12,0.00
172.73,115.15,0.00
172.73,118.18,0.00
172.73,121.21,0.00
172.73,124.24,0.00
172.73,127.27,0.00
172.73,130.30,0.00
172.73,133.33,0.00
172.73,136.36,0.00
172.73,139.39,0.00
172.73,142.42,0.00
172.73,145.45,0.00
172.73,148.48,0.00
172.73,151.52,0.00
172.73,154.55,0.00
172.73,157.58,0.00
172.73,160.61,0.00
172.73,163.64,0.00
172.73,166.67,0.00
172.73,169.70,0.00
172.73,172.73,0.00
172.73,175.76,0.00
172.73,178.79,0.00
172.73,181.82,0.00
172.73,184.85,0.00
172.73,187.88,0.00
172.73,190.91,0.00
172.73,193.94,0.00
172.73,196.97,0.00
172.73,200.00,0.00
172.73,203.03,0.00
172.73,206.06,0.00
172.73,209.09,0.00
172.73,212.12,0.00
172.73,215.15,0.00
172.73,218.18,0.00
172.73,221.21,0.00
172.73,224.24,0.00
172.73,227.27,0.00
172.73,230.30,0.00
172.73,233.33,0.00
172.73,236.36,0.00
172.73,239.39,0.00
172.73,242.42,0.00
172.73,245.45,0.00
172.73,248.48,0.00
172.73,251.52,0.00
172.73,254.55,0.00
172.73,257.58,0.00
172.73,260.61,0.00
172.73,263.64,0.00
172.73,266.67,0.00
172.73,269.70,0.00
172.73,272.73,0.00
172.73,275.76,0.00
172.73,278.79,0.00
172.73,281.82,0.00
172.73,284.85,0.00
172.73,287.88,0.00
172.73,290.91,0.00
172.73,293.94,0.00
172.73,296.97,0.00
172.73,300.00,0.00
175.76,0.00,0.00
175.76,3.03,0.00
175.76,6.06,0.00
175.76,9.09,0.00
175.76,12.12,0.00
175.76,15.15,0.00
175.76,18.18,0.00
175.76,21.21,0.00
175.76,24.24,0.00
175.76,27.27,0.00
175.76,30.30,0.00
175.76,33.33,0.00
175.76,36.36,0.00
175.76,39.39,0.00
175.76,42.42,0.00
175.76,45.45,0.00
175.76,48.48,0.00
175.76,51.52,0.00
175.76,54.55,0.00
175.76,57.58,0.00
175.76,60.61,0.00
175.76,63.64,0.00
175.76,66.67,0.00
175.76,69.70,0.00
175.76,72.73,0.00
175.76,75.76,0.00
175.76,78.79,0.00
175.76,81.82,0.00
175.76,84.85,0.00
175.76,87.88,0.00
175.76,90.91,0.00
175.76,93.94,0.00
175.76,96.97,0.00
175.76,100.00,0.00
175.76,103.03,0.00
175.76,106.06,0.00
175.76,109.09,0.00
175.76,112.12,0.00
175.76,115.15,0.00
175.76,118.18,0.00
175.76,121.21,0.00
175.76,124.24,0.00
175.76,127.27,0.00
175.76,130.30,0.00
175.76,133.33,0.00
175.76,136.36,0.00
175.76,139.39,0.00
175.76,142.42,0.00
175.76,145.45,0.00
175.76,148.48,0.00
175.76,151.52,0.00
175.76,154.55,0.00
175.76,157.58,0.00
175.76,160.61,0.00
175.76,163.64,0.00
175.76,166.67,0.00
175.76,169.70,0.00
175.76,172.73,0.00
175.76,175.76,0.00
175.76,178.79,0.00
175.76,181.82,0.00
175.76,184.85,0.00
175.76,187.88,0.00
175.76,190.91,0.00
175.76,193.94,0.00
175.76,196.97,0.00
175.76,200.00,0.00
175.76,203.03,0.00
175.76,206.06,0.00
175.76,209.09,0.00
175.76,212.12,0.00
175.76,215.15,0.00
175.76,218.18,0.00
175.76,221.21,0.00
175.76,224.24,0.00
175.76,227.27,0.00
175.76,230.30,0.00
175.76,233.33,0.00
175.76,236.36,0.00
175.76,239.39,0.00
175.76,242.42,0.00
175.76,245.45,0.00
175.76,248.48,0.00
175.76,251.52,0.00
175.76,254.55,0.00
175.76,257.58,0.00
175.76,260.61,0.00
175.76,263.64,0.00
175.76,266.67,0.00
175.76,269.70,0.00
175.76,272.73,0.00
175.76,275.76,0.00
175.76,278.79,0.00
175.76,281.82,0.00
175.76,284.85,0.00
175.76,287.88,0.00
175.76,290.91,0.00
175.76,293.94,0.00
175.76,296.97,0.00
175.76,300.00,0.00
178.79,0.00,0.00
178.79,3.03,0.00
178.79,6.06,0.00
178.79,9.09,0.00
178.79,12.12,0.00
178.79,15.15,0.00
178.79,18.18,0.00
178.79,21.21,0.00
178.79,24.24,0.00
178.79,27.27,0.00
178.79,30.30,0.00
178.79,33.33,0.00
178.79,36.36,0.00
178.79,39.39,0.00
178.79,42.42,0.00
178.79,45.45,0.00
178.79,48.48,0.00
178.79,51.52,0.00
178.79,54.55,0.00
178.79,57.58,0.00
178.79,60.61,0.00
178.79,63.64,0.00
178.79,66.67,0.00
178.79,69.70,0.00
178.79,72.73,0.00
178.79,75.76,0.00
178.79,78.79,0.00
178.79,81.82,0.00
178.79,84.85,0.00
178.79,87.88,0.00
178.79,90.91,0.00
178.79,93.94,0.00
178.79,96.97,0.00
178.79,100.00,0.00
178.79,103.03,0.00
178.79,106.06,0.00
178.79,109.09,0.00
178.79,112.12,0.00
178.79,115.15,0.00
178.79,118.18,0.00
178.79,121.21,0.00
178.79,124.24,0.00
178.79,127.27,0.00
178.79,130.30,0.00
178.79,133.33,0.00
178.79,136.36,0.00
178.79,139.39,0.00
178.79,142.42,0.00
178.79,145.45,0.00
178.79,148.48,0.00
178.79,151.52,0.00
178.79,154.55,0.00
178.79,157.58,0.00
178.79,160.61,0.00
178.79,163.64,0.00
178.79,166.67,0.00
178.79,169.70,0.00
178.79,172.73,0.00
178.79,175.76,0.00
178.79,178.79,0.00
178.79,181.82,0.00
178.79,184.85,0.00
178.79,187.88,0.00
178.79,190.91,0.00
178.79,193.94,0.00
178.79,196.97,0.00
178.79,200.00,0.00
178.79,203.03,0.00
178.79,206.06,0.00
178.79,209.09,0.00
178.79,212.12,0.00
178.79,215.15,0.00
178.79,218.18,0.00
178.79,221.21,0.00
178.79,224.24,0.00
178.79,227.27,0.00
178.79,230.30,0.00
178.79,233.33,0.00
178.79,236.36,0.00
178.79,239.39,0.00
178.79,242.42,0.00
178.79,245.45,0.00
178.79,248.48,0.00
178.79,251.52,0.00
178.79,254.55,0.00
178.79,257.58,0.00
178.79,260.61,0.00
178.79,263.64,0.00
178.79,266.67,0.00
178.79,269.70,0.00
178.79,272.73,0.00
178.79,275.76,0.00
178.79,278.79,0.00
178.79,281.82,0.00
178.79,284.85,0.00
178.79,287.88,0.00
178.79,290.91,0.00
178.79,293.94,0.00
178.79,296.97,0.00
178.79,300.00,0.00
181.82,0.00,0.00
181.82,3.03,0.00
181.82,6.06,0.00
181.82,9.09,0.00
181.82,12.12,0.00
181.82,15.15,0.00
181.82,18.18,0.00
181.82,21.21,0.00
181.82,24.24,0.00
181.82,27.27,0.00
181.82,30.30,0.00
181.82,33.33,0.00
181.82,36.36,0.00
181.82,39.39,0.00
181.82,42.42,0.00
181.82,45.45,0.00
181.82,48.48,0.00
181.82,51.52,0.00
181.82,54.55,0.00
181.82,57.58,0.00
181.82,60.61,0.00
181.82,63.64,0.00
181.82,66.67,0.00
181.82,69.70,0.00
181.82,72.73,0.00
181.82,75.76,0.00
181.82,78.79,0.00
181.82,81.82,0.00
181.82,84.85,0.00
181.82,87.88,0.00
181.82,90.91,0.00
181.82,93.94,0.00
181.82,96.97,0.00
181.82,100.00,0.00
181.82,103.03,0.00
181.82,106.06,0.00
181.82,109.09,0.00
181.82,112.12,0.00
181.82,115.15,0.00
181.82,118.18,0.00
181.82,121.21,0.00
181.82,124.24,0.00
181.82,127.27,0.00
181.82,130.30,0.00
181.82,133.33,0.00
181.82,136.36,0.00
181.82,139.39,0.00
181.82,142.42,0.00
181.82,145.45,0.00
181.82,148.48,0.00
181.82,151.52,0.00
181.82,154.55,0.00
181.82,157.58,0.00
181.82,160.61,0.00
181.82,163.64,0.00
181.82,166.67,0.00
181.82,169.70,0.00
181.82,172.73,0.00
181.82,175.76,0.00
181.82,178.79,0.00
181.82,181.82,0.00
181.82,184.85,0.00
181.82,187.88,0.00
181.82,190.91,0.00
181.82,193.94,0.00
181.82,196.97,0.00
181.82,200.00,0.00
181.82,203.03,0.00
181.82,206.06,0.00
181.82,209.09,0.00
181.82,212.12,0.00
181.82,215.15,0.00
181.82,218.18,0.00
181.82,221.21,0.00
181.82,224.24,0.00
181.82,227.27,0.00
181.82,230.30,0.00
181.82,233.33,0.00
181.82,236.36,0.00
181.82,239.39,0.00
181.82,242.42,0.00
181.82,245.45,0.00
181.82,248.48,0.00
181.82,251.52,0.00
181.82,254.55,0.00
181.82,257.58,0.00
181.82,260.61,0.00
181.82,263.64,0.00
181.82,266.67,0.00
181.82,269.70,0.00
181.82,272.73,0.00
181.82,275.76,0.00
181.82,278.79,0.00
181.82,281.82,0.00
181.82,284.85,0.00
181.82,287.88,0.00
181.82,290.91,0.00
181.82,293.94,0.00
181.82,296.97,0.00
181.82,300.00,0.00
184.85,0.00,0.00
184.85,3.03,0.00
184.85,6.06,0.00
184.85,9.09,0.00
184.85,12.12,0.00
184.85,15.15,0.00
184.85,18.18,0.00
184.85,21.21,0.00
184.85,24.24,0.00
184.85,27.27,0.00
184.85,30.30,0.00
184.85,33.33,0.00
184.85,36.36,0.00
184.85,39.39,0.00
184.85,42.42,0.00
184.85,45.45,0.00
184.85,48.48,0.00
184.85,51.52,0.00
184.85,54.55,0.00
184.85,57.58,0.00
184.85,60.61,0.00
184.85,63.64,0.00
184.85,66.67,0.00
184.85,69.70,0.00
184.85,72.73,0.00
184.85,75.76,0.00
184.85,78.79,0.00
184.85,81.82,0.00
184.85,84.85,0.00
184.85,87.88,0.00
184.85,90.91,0.00
184.85,93.94,0.00
184.85,96.97,0.00
184.85,100.00,0.00
184.85,103.03,0.00
184.85,106.06,0.00
184.85,109.09,0.00
184.85,112.12,0.00
184.85,115.15,0.00
184.85,118.18,0.00
184.85,121.21,0.00
184.85,124.24,0.00
184.85,127.27,0.00
184.85,130.30,0.00
184.85,133.33,0.00
184.85,136.36,0.00
184.85,139.39,0.00
184.85,142.42,0.00
184.85,145.45,0.00
184.85,148.48,0.00
184.85,151.52,0.00
184.85,154.55,0.00
184.85,157.58,0.00
184.85,160.61,0.00
184.85,163.64,0.00
184.85,166.67,0.00
184.85,169.70,0.00
184.85,172.73,0.00
184.85,175.76,0.00
184.85,178.79,0.00
184.85,181.82,0.00
184.85,184.85,0.00
184.85,187.88,0.00
184.85,190.91,0.00
184.85,193.94,0.00
184.85,196.97,0.00
184.85,200.00,0.00
184.85,203.03,0.00
184.85,206.06,0.00
184.85,209.09,0.00
184.85,212.12,0.00
184.85,215.15,0.00
184.85,218.18,0.00
184.85,221.21,0.00
184.85,224.24,0.00
184.85,227.27,0.00
184.85,230.30,0.00
184.85,233.33,0.00
184.85,236.36,0.00
184.85,239.39,0.00
184.85,242.42,0.00
184.85,245.45,0.00
184.85,248.48,0.00
184.85,251.52,0.00
184.85,254.55,0.00
184.85,257.58,0.00
184.85,260.61,0.00
184.85,263.64,0.00
184.85,266.67,0.00
184.85,269.70,0.00
184.85,272.73,0.00
184.85,275.76,0.00
184.85,278.79,0.00
184.85,281.82,0.00
184.85,284.85,0.00
184.85,287.88,0.00
184.85,290.91,0.00
184.85,293.94,0.00
184.85,296.97,0.00
184.85,300.00,0.00
187.88,0.00,0.00
187.88,3.03,0.00
187.88,6.06,0.00
187.88,9.09,0.00
187.88,12.12,0.00
187.88,15.15,0.00
187.88,18.18,0.00
187.88,21.21,0.00
187.88,24.24,0.00
187.88,27.27,0.00
187.88,30.30,0.00
187.88,33.33,0.00
187.88,36.36,0.00
187.88,39.39,0.00
187.88,42.42,0.00
187.88,45.45,0.00
187.88,48.48,0.00
187.88,51.52,0.00
187.88,54.55,0.00
187.88,57.58,0.00
187.88,60.61,0.00
187.88,63.64,0.00
187.88,66.67,0.00
187.88,69.70,0.00
187.88,72.73,0.00
187.88,75.76,0.00
187.88,78.79,0.00
187.88,81.82,0.00
187.88,84.85,0.00
187.88,87.88,0.00
187.88,90.91,0.00
187.88,93.94,0.00
187.88,96.97,0.00
187.88,100.00,0.00
187.88,103.03,0.00
187.88,106.06,0.00
187.88,109.09,0.00
187.88,112.12,0.00
187.88,115.15,0.00
187.88,118.18,0.00
187.88,121.21,0.00
187.88,124.24,0.00
187.88,127.27,0.00
187.88,130.30,0.00
187.88,133.33,0.00
187.88,136.36,0.00
187.88,139.39,0.00
187.88,142.42,0.00
187.88,145.45,0.00
187.88,148.48,0.00
187.88,151.52,0.00
187.88,154.55,0.00
187.88,157.58,0.00
187.88,160.61,0.00
187.88,163.64,0.00
187.88,166.67,0.00
187.88,169.70,0.00
187.88,172.73,0.00
187.88,175.76,0.00
187.88,178.79,0.00
187.88,181.82,0.00
187.88,184.85,0.00
187.88,187.88,0.00
187.88,190.91,0.00
187.88,193.94,0.00
187.88,196.97,0.00
187.88,200.00,0.00
187.88,203.03,0.00
187.88,206.06,0.00
187.88,209.09,0.00
187.88,212.12,0.00
187.88,215.15,0.00
187.88,218.18,0.00
187.88,221.21,0.00
187.88,224.24,0.00
187.88,227.27,0.00
187.88,230.30,0.00
187.88,233.33,0.00
187.88,236.36,0.00
187.88,239.39,0.00
187.88,242.42,0.00
187.88,245.45,0.00
187.88,248.48,0.00
187.88,251.52,0.00
187.88,254.55,0.00
187.88,257.58,0.00
187.88,260.61,0.00
187.88,263.64,0.00
187.88,266.67,0.00
187.88,269.70,0.00
187.88,272.73,0.00
187.88,275.76,0.00
187.88,278.79,0.00
187.88,281.82,0.00
187.88,284.85,0.00
187.88,287.88,0.00
187.88,290.91,0.00
187.88,293.94,0.00
187.88,296.97,0.00
187.88,300.00,0.00
190.91,0.00,0.00
190.91,3.03,0.00
190.91,6.06,0.00
190.91,9.09,0.00
190.91,12.12,0.00
190.91,15.15,0.00
190.91,18.18,0.00
190.91,21.21,0.00
190.91,24.24,0.00
190.91,27.27,0.00
190.91,30.30,0.00
190.91,33.33,0.00
190.91,36.36,0.00
190.91,39.39,0.00
190.91,42.42,0.00
190.91,45.45,0.00
190.91,48.48,0.00
190.91,51.52,0.00
190.91,54.55,0.00
190.91,57.58,0.00
190.91,60.61,0.00
190.91,63.64,0.00
190.91,66.67,0.00
190.91,69.70,0.00
190.91,72.73,0.00
190.91,75.76,0.00
190.91,78.79,0.00
190.91,81.82,0.00
190.91,84.85,0.00
190.91,87.88,0.00
190.91,90.91,0.00
190.91,93.94,0.00
190.91,96.97,0.00
190.91,100.00,0.00
190.91,103.03,0.00
190.91,106.06,0.00
190.91,109.09,0.00
190.91,112.12,0.00
190.91,115.15,0.00
190.91,118.18,0.00
190.91,121.21,0.00
190.91,124.24,0.00
190.91,127.27,0.00
190.91,130.30,0.00
190.91,133.33,0.00
190.91,136.36,0.00
190.91,139.39,0.00
190.91,142.42,0.00
190.91,145.45,0.00
190.91,148.48,0.00
190.91,151.52,0.00
190.91,154.55,0.00
190.91,157.58,0.00
190.91,160.61,0.00
190.91,163.64,0.00
190.91,166.67,0.00
190.91,169.70,0.00
190.91,172.73,0.00
190.91,175.76,0.00
190.91,178.79,0.00
190.91,181.82,0.00
190.91,184.85,0.00
190.91,187.88,0.00
190.91,190.91,0.00
190.91,193.94,0.00
190.91,196.97,0.00
190.91,200.00,0.00
190.91,203.03,0.00
190.91,206.06,0.00
190.91,209.09,0.00
190.91,212.12,0.00
190.91,215.15,0.00
190.91,218.18,0.00
190.91,221.21,0.00
190.91,224.24,0.00
190.91,227.27,0.00
190.91,230.30,0.00
190.91,233.33,0.00
190.91,236.36,0.00
190.91,239.39,0.00
190.91,242.42,0.00
190.91,245.45,0.00
190.91,248.48,0.00
190.91,251.52,0.00
190.91,254.55,0.00
190.91,257.58,0.00
190.91,260.61,0.00
190.91,263.64,0.00
190.91,266.67,0.00
190.91,269.70,0.00
190.91,272.73,0.00
190.91,275.76,0.00
190.91,278.79,0.00
190.91,281.82,0.00
190.91,284.85,0.00
190.91,287.88,0.00
190.91,290.91,0.00
190.91,293.94,0.00
190.91,296.97,0.00
190.91,300.00,0.00
193.94,0.00,0.00
193.94,3.03,0.00
193.94,6.06,0.00
193.94,9.09,0.00
193.94,12.12,0.00
193.94,15.15,0.00
193.94,18.18,0.00
193.94,21.21,0.00
193.94,24.24,0.00
193.94,27.27,0.00
193.94,30.30,0.00
193.94,33.33,0.00
193.94,36.36,0.00
193.94,39.39,0.00
193.94,42.42,0.00
193.94,45.45,0.00
193.94,48.48,0.00
193.94,51.52,0.00
193.94,54.55,0.00
193.94,57.58,0.00
193.94,60.61,0.00
193.94,63.64,0.00
193.94,66.67,0.00
193.94,69.70,0.00
193.94,72.73,0.00
193.94,75.76,0.00
193.94,78.79,0.00
193.94,81.82,0.00
193.94,84.85,0.00
193.94,87.88,0.00
193.94,90.91,0.00
193.94,93.94,0.00
193.94,96.97,0.00
193.94,100.00,0.00
193.94,103.03,0.00
193.94,106.06,0.00
193.94,109.09,0.00
193.94,112.12,0.00
193.94,115.15,0.00
193.94,118.18,0.00
193.94,121.21,0.00
193.94,124.24,0.00
193.94,127.27,0.00
193.94,130.30,0.00
193.94,133.33,0.00
193.94,136.36,0.00
193.94,139.39,0.00
193.94,142.42,0.00
193.94,145.45,0.00
193.94,148.48,0.00
193.94,151.52,0.00
193.94,154.55,0.00
193.94,157.58,0.00
193.94,160.61,0.00
193.94,163.64,0.00
193.94,166.67,0.00
193.94,169.70,0.00
193.94,172.73,0.00
193.94,175.76,0.00
193.94,178.79,0.00
193.94,181.82,0.00
193.94,184.85,0.00
193.94,187.88,0.00
193.94,190.91,0.00
193.94,193.94,0.00
193.94,196.97,0.00
193.94,200.00,0.00
193.94,203.03,0.00
193.94,206.06,0.00
193.94,209.09,0.00
193.94,212.12,0.00
193.94,215.15,0.00
193.94,218.18,0.00
193.94,221.21,0.00
193.94,224.24,0.00
193.94,227.27,0.00
193.94,230.30,0.00
193.94,233.33,0.00
193.94,236.36,0.00
193.94,239.39,0.00
193.94,242.42,0.00
193.94,245.45,0.00
193.94,248.48,0.00
193.94,251.52,0.00
193.94,254.55,0.00
193.94,257.58,0.00
193.94,260.61,0.00
193.94,263.64,0.00
193.94,266.67,0.00
193.94,269.70,0.00
193.94,272.73,0.00
193.94,275.76,0.00
193.94,278.79,0.00
193.94,281.82,0.00
193.94,284.85,0.00
193.94,287.88,0.00
193.94,290.91,0.00
193.94,293.94,0.00
193.94,296.97,0.00
193.94,300.00,0.00
196.97,0.00,0.00
196.97,3.03,0.00
196.97,6.06,0.00
196.97,9.09,0.00
196.97,12.12,0.00
196.97,15.15,0.00
196.97,18.18,0.00
196.97,21.21,0.00
196.97,24.24,0.00
196.97,27.27,0.00
196.97,30.30,0.00
196.97,33.33,0.00
196.97,36.36,0.00
196.97,39.39,0.00
196.97,42.42,0.00
196.97,45.45,0.00
196.97,48.48,0.00
196.97,51.52,0.00
196.97,54.55,0.00
196.97,57.58,0.00
196.97,60.61,0.00
196.97,63.64,0.00
196.97,66.67,0.00
196.97,69.70,0.00
196.97,72.73,0.00
196.97,75.76,0.00
196.97,78.79,0.00
196.97,81.82,0.00
196.97,84.85,0.00
196.97,87.88,0.00
196.97,90.91,0.00
196.97,93.94,0.00
196.97,96.97,0.00
196.97,100.00,0.00
196.97,103.03,0.00
196.97,106.06,0.00
196.97,109.09,0.00
196.97,112.12,0.00
196.97,115.15,0.00
196.97,118.18,0.00
196.97,121.21,0.00
196.97,124.24,0.00
196.97,127.27,0.00
196.97,130.30,0.00
196.97,133.33,0.00
196.97,136.36,0.00
196.97,139.39,0.00
196.97,142.42,0.00
196.97,145.45,0.00
196.97,148.48,0.00
196.97,151.52,0.00
196.97,154.55,0.00
196.97,157.58,0.00
196.97,160.61,0.00
196.97,163.64,0.00
196.97,166.67,0.00
196.97,169.70,0.00
196.97,172.73,0.00
196.97,175.76,0.00
196.97,178.79,0.00
196.97,181.82,0.00
196.97,184.85,0.00
196.97,187.88,0.00
196.97,190.91,0.00
196.97,193.94,0.00
196.97,196.97,0.00
196.97,200.00,0.00
196.97,203.03,0.00
196.97,206.06,0.00
196.97,209.09,0.00
196.97,212.12,0.00
196.97,215.15,0.00
196.97,218.18,0.00
196.97,221.21,0.00
196.97,224.24,0.00
196.97,227.27,0.00
196.97,230.30,0.00
196.97,233.33,0.00
196.97,236.36,0.00
196.97,239.39,0.00
196.97,242.42,0.00
196.97,245.45,0.00
196.97,248.48,0.00
196.97,251.52,0.00
196.97,254.55,0.00
196.97,257.58,0.00
196.97,260.61,0.00
196.97,263.64,0.00
196.97,266.67,0.00
196.97,269.70,0.00
196.97,272.73,0.00
196.97,275.76,0.00
196.97,278.79,0.00
196.97,281.82,0.00
196.97,284.85,0.00
196.97,287.88,0.00
196.97,290.91,0.00
196.97,293.94,0.00
196.97,296.97,0.00
196.97,300.00,0.00
200.00,0.00,0.00
200.00,3.03,0.00
200.00,6.06,0.00
200.00,9.09,0.00
200.00,12.12,0.00
200.00,15.15,0.00
200.00,18.18,0.00
200.00,21.21,0.00
200.00,24.24,0.00
200.00,27.27,0.00
200.00,30.30,0.00
200.00,33.33,0.00
200.00,36.36,0.00
200.00,39.39,0.00
200.00,42.42,0.00
200.00,45.45,0.00
200.00,48.48,0.00
200.00,51.52,0.00
200.00,54.55,0.00
200.00,57.58,0.00
200.00,60.61,0.00
200.00,63.64,0.00
200.00,66.67,0.00
200.00,69.70,0.00
200.00,72.73,0.00
200.00,75.76,0.00
200.00,78.79,0.00
200.00,81.82,0.00
200.00,84.85,0.00
200.00,87.88,0.00
200.00,90.91,0.00
200.00,93.94,0.00
200.00,96.97,0.00
200.00,100.00,0.00
200.00,103.03,0.00
200.00,106.06,0.00
200.00,109.09,0.00
200.00,112.12,0.00
200.00,115.15,0.00
200.00,118.18,0.00
200.00,121.21,0.00
200.00,124.24,0.00
200.00,127.27,0.00
200.00,130.30,0.00
200.00,133.33,0.00
200.00,136.36,0.00
200.00,139.39,0.00
200.00,142.42,0.00
200.00,145.45,0.00
200.00,148.48,0.00
200.00,151.52,0.00
200.00,154.55,0.00
200.00,157.58,0.00
200.00,160.61,0.00
200.00,163.64,0.00
200.00,166.67,0.00
200.00,169.70,0.00
200.00,172.73,0.00
200.00,175.76,0.00
200.00,178.79,0.00
200.00,181.82,0.00
200.00,184.85,0.00
200.00,187.88,0.00
200.00,190.91,0.00
200.00,193.94,0.00
200.00,196.97,0.00
200.00,200.00,0.00
200.00,203.03,0.00
200.00,206.06,0.00
200.00,209.09,0.00
200.00,212.12,0.00
200.00,215.15,0.00
200.00,218.18,0.00
200.00,221.21,0.00
200.00,224.24,0.00
200.00,227.27,0.00
200.00,230.30,0.00
200.00,233.33,0.00
200.00,236.36,0.00
200.00,239.39,0.00
200.00,242.42,0.00
200.00,245.45,0.00
200.00,248.48,0.00
200.00,251.52,0.00
200.00,254.55,0.00
200.00,257.58,0.00
200.00,260.61,0.00
200.00,263.64,0.00
200.00,266.67,0.00
200.00,269.70,0.00
200.00,272.73,0.00
200.00,275.76,0.00
200.00,278.79,0.00
200.00,281.82,0.00
200.00,284.85,0.00
200.00,287.88,0.00
200.00,290.91,0.00
200.00,293.94,0.00
200.00,296.97,0.00
200.00,300.00,0.00
203.03,0.00,0.00
203.03,3.03,0.00
203.03,6.06,0.00
203.03,9.09,0.00
203.03,12.12,0.00
203.03,15.15,0.00
203.03,18.18,0.00
203.03,21.21,0.00
203.03,24.24,0.00
203.03,27.27,0.00
203.03,30.30,0.00
203.03,33.33,0.00
203.03,36.36,0.00
203.03,39.39,0.00
203.03,42.42,0.00
203.03,45.45,0.00
203.03,48.48,0.00
203.03,51.52,0.00
203.03,54.55,0.00
203.03,57.58,0.00
203.03,60.61,0.00
203.03,63.64,0.00
203.03,66.67,0.00
203.03,69.70,0.00
203.03,72.73,0.00
203.03,75.76,0.00
203.03,78.79,0.00
203.03,81.82,0.00
203.03,84.85,0.00
203.03,87.88,0.00
203.03,90.91,0.00
203.03,93.94,0.00
203.03,96.97,0.00
203.03,100.00,0.00
203.03,103.03,0.00
203.03,106.06,0.00
203.03,109.09,0.00
203.03,112.12,0.00
203.03,115.15,0.00
203.03,118.18,0.00
203.03,121.21,0.00
203.03,124.24,0.00
203.03,127.27,0.00
203.03,130.30,0.00
203.03,133.33,0.00
203.03,136.36,0.00
203.03,139.39,0.00
203.03,142.42,0.00
203.03,145.45,0.00
203.03,148.48,0.00
203.03,151.52,0.00
203.03,154.55,0.00
203.03,157.58,0.00
203.03,160.61,0.00
203.03,163.64,0.00
203.03,166.67,0.00
203.03,169.70,0.00
203.03,172.73,0.00
203.03,175.76,0.00
203.03,178.79,0.00
203.03,181.82,0.00
203.03,184.85,0.00
203.03,187.88,0.00
203.03,190.91,0.00
203.03,193.94,0.00
203.03,196.97,0.00
203.03,200.00,0.00
203.03,203.03,0.00
203.03,206.06,0.00
203.03,209.09,0.00
203.03,212.12,0.00
203.03,215.15,0.00
203.03,218.18,0.00
203.03,221.21,0.00
203.03,224.24,0.00
203.03,227.27,0.00
203.03,230.30,0.00
203.03,233.33,0.00
203.03,236.36,0.00
203.03,239.39,0.00
203.03,242.42,0.00
203.03,245.45,0.00
203.03,248.48,0.00
203.03,251.52,0.00
203.03,254.55,0.00
203.03,257.58,0.00
203.03,260.61,0.00
203.03,263.64,0.00
203.03,266.67,0.00
203.03,269.70,0.00
203.03,272.73,0.00
203.03,275.76,0.00
203.03,278.79,0.00
203.03,281.82,0.00
203.03,284.85,0.00
203.03,287.88,0.00
203.03,290.91,0.00
203.03,293.94,0.00
203.03,296.97,0.00
203.03,300.00,0.00
206.06,0.00,0.00
206.06,3.03,0.00
206.06,6.06,0.00
206.06,9.09,0.00
206.06,12.12,0.00
206.06,15.15,0.00
206.06,18.18,0.00
206.06,21.21,0.00
206.06,24.24,0.00
206.06,27.27,0.00
206.06,30.30,0.00
206.06,33.33,0.00
206.06,36.36,0.00
206.06,39.39,0.00
206.06,42.42,0.00
206.06,45.45,0.00
206.06,48.48,0.00
206.06,51.52,0.00
206.06,54.55,0.00
206.06,57.58,0.00
206.06,60.61,0.00
206.06,63.64,0.00
206.06,66.67,0.00
206.06,69.70,0.00
206.06,72.73,0.00
206.06,75.76,0.00
206.06,78.79,0.00
206.06,81.82,0.00
206.06,84.85,0.00
206.06,87.88,0.00
206.06,90.91,0.00
206.06,93.94,0.00
206.06,96.97,0.00
206.06,100.00,0.00
206.06,103.03,0.00
206.06,106.06,0.00
206.06,109.09,0.00
206.06,112.12,0.00
206.06,115.15,0.00
206.06,118.18,0.00
206.06,121.21,0.00
206.06,124.24,0.00
206.06,127.27,0.00
206.06,130.30,0.00
206.06,133.33,0.00
206.06,136.36,0.00
206.06,139.39,0.00
206.06,142.42,0.00
206.06,145.45,0.00
206.06,148.48,0.00
206.06,151.52,0.00
206.06,154.55,0.00
206.06,157.58,0.00
206.06,160.61,0.00
206.06,163.64,0.00
206.06,166.67,0.00
206.06,169.70,0.00
206.06,172.73,0.00
206.06,175.76,0.00
206.06,178.79,0.00
206.06,181.82,0.00
206.06,184.85,0.00
206.06,187.88,0.00
206.06,190.91,0.00
206.06,193.94,0.00
206.06,196.97,0.00
206.06,200.00,0.00
206.06,203.03,0.00
206.06,206.06,0.00
206.06,209.09,0.00
206.06,212.12,0.00
206.06,215.15,0.00
206.06,218.18,0.00
206.06,221.21,0.00
206.06,224.24,0.00
206.06,227.27,0.00
206.06,230.30,0.00
206.06,233.33,0.00
206.06,236.36,0.00
206.06,239.39,0.00
206.06,242.42,0.00
206.06,245.45,0.00
206.06,248.48,0.00
206.06,251.52,0.00
206.06,254.55,0.00
206.06,257.58,0.00
206.06,260.61,0.00
206.06,263.64,0.00
206.06,266.67,0.00
206.06,269.70,0.00
206.06,272.73,0.00
206.06,275.76,0.00
206.06,278.79,0.00
206.06,281.82,0.00
206.06,284.85,0.00
206.06,287.88,0.00
206.06,290.91,0.00
206.06,293.94,0.00
206.06,296.97,0.00
206.06,300.00,0.00
209.09,0.00,0.00
209.09,3.03,0.00
209.09,6.06,0.00
209.09,9.09,0.00
209.09,12.12,0.00
209.09,15.15,0.00
209.09,18.18,0.00
209.09,21.21,0.00
209.09,24.24,0.00
209.09,27.27,0.00
209.09,30.30,0.00
209.09,33.33,0.00
209.09,36.36,0.00
209.09,39.39,0.00
209.09,42.42,0.00
209.09,45.45,0.00
209.09,48.48,0.00
209.09,51.52,0.00
209.09,54.55,0.00
209.09,57.58,0.00
209.09,60.61,0.00
209.09,63.64,0.00
209.09,66.67,0.00
209.09,69.70,0.00
209.09,72.73,0.00
209.09,75.76,0.00
209.09,78.79,0.00
209.09,81.82,0.00
209.09,84.85,0.00
209.09,87.88,0.00
209.09,90.91,0.00
209.09,93.94,0.00
209.09,96.97,0.00
209.09,100.00,0.00
209.09,103.03,0.00
209.09,106.06,0.00
209.09,109.09,0.00
209.09,112.12,0.00
209.09,115.15,0.00
209.09,118.18,0.00
209.09,121.21,0.00
209.09,124.24,0.00
209.09,127.27,0.00
209.09,130.30,0.00
209.09,133.33,0.00
209.09,136.36,0.00
209.09,139.39,0.00
209.09,142.42,0.00
209.09,145.45,0.00
209.09,148.48,0.00
209.09,151.52,0.00
209.09,154.55,0.00
209.09,157.58,0.00
209.09,160.61,0.00
209.09,163.64,0.00
209.09,166.67,0.00
209.09,169.70,0.00
209.09,172.73,0.00
209.09,175.76,0.00
209.09,178.79,0.00
209.09,181.82,0.00
209.09,184.85,0.00
209.09,187.88,0.00
209.09,190.91,0.00
209.09,193.94,0.00
209.09,196.97,0.00
209.09,200.00,0.00
209.09,203.03,0.00
209.09,206.06,0.00
209.09,209.09,0.00
209.09,212.12,0.00
209.09,215.15,0.00
209.09,218.18,0.00
209.09,221.21,0.00
209.09,224.24,0.00
209.09,227.27,0.00
209.09,230.30,0.00
209.09,233.33,0.00
209.09,236.36,0.00
209.09,239.39,0.00
209.09,242.42,0.00
209.09,245.45,0.00
209.09,248.48,0.00
209.09,251.52,0.00
209.09,254.55,0.00
209.09,257.58,0.00
209.09,260.61,0.00
209.09,263.64,0.00
209.09,266.67,0.00
209.09,269.70,0.00
209.09,272.73,0.00
209.09,275.76,0.00
209.09,278.79,0.00
209.09,281.82,0.00
209.09,284.85,0.00
209.09,287.88,0.00
209.09,290.91,0.00
209.09,293.94,0.00
209.09,296.97,0.00
209.09,300.00,0.00
212.12,0.00,0.00
212.12,3.03,0.00
212.12,6.06,0.00
212.12,9.09,0.00
212.12,12.12,0.00
212.12,15.15,0.00
212.12,18.18,0.00
212.12,21.21,0.00
212.12,24.24,0.00
212.12,27.27,0.00
212.12,30.30,0.00
212.12,33.33,0.00
212.12,36.36,0.00
212.12,39.39,0.00
212.12,42.42,0.00
212.12,45.45,0.00
212.12,48.48,0.00
212.12,51.52,0.00
212.12,54.55,0.00
212.12,57.58,0.00
212.12,60.61,0.00
212.12,63.64,0.00
212.12,66.67,0.00
212.12,69.70,0.00
212.12,72.73,0.00
212.12,75.76,0.00
212.12,78.79,0.00
212.12,81.82,0.00
212.12,84.85,0.00
212.12,87.88,0.00
212.12,90.91,0.00
212.12,93.94,0.00
212.12,96.97,0.00
212.12,100.00,0.00
212.12,103.03,0.00
212.12,106.06,0.00
212.12,109.09,0.00
212.12,112.12,0.00
212.12,115.15,0.00
212.12,118.18,0.00
212.12,121.21,0.00
212.12,124.24,0.00
212.12,127.27,0.00
212.12,130.30,0.00
212.12,133.33,0.00
212.12,136.36,0.00
212.12,139.39,0.00
212.12,142.42,0.00
212.12,145.45,0.00
212.12,148.48,0.00
212.12,151.52,0.00
212.12,154.55,0.00
212.12,157.58,0.00
212.12,160.61,0.00
212.12,163.64,0.00
212.12,166.67,0.00
212.12,169.70,0.00
212.12,172.73,0.00
212.12,175.76,0.00
212.12,178.79,0.00
212.12,181.82,0.00
212.12,184.85,0.00
212.12,187.88,0.00
212.12,190.91,0.00
212.12,193.94,0.00
212.12,196.97,0.00
212.12,200.00,0.00
212.12,203.03,0.00
212.12,206.06,0.00
212.12,209.09,0.00
212.12,212.12,0.00
212.12,215.15,0.00
212.12,218.18,0.00
212.12,221.21,0.00
212.12,224.24,0.00
212.12,227.27,0.00
212.12,230.30,0.00
212.12,233.33,0.00
212.12,236.36,0.00
212.12,239.39,0.00
212.12,242.42,0.00
212.12,245.45,0.00
212.12,248.48,0.00
212.12,251.52,0.00
212.12,254.55,0.00
212.12,257.58,0.00
212.12,260.61,0.00
212.12,263.64,0.00
212.12,266.67,0.00
212.12,269.70,0.00
212.12,272.73,0.00
212.12,275.76,0.00
212.12,278.79,0.00
212.12,281.82,0.00
212.12,284.85,0.00
212.12,287.88,0.00
212.12,290.91,0.00
212.12,293.94,0.00
212.12,296.97,0.00
212.12,300.00,0.00
215.15,0.00,0.00
215.15,3.03,0.00
215.15,6.06,0.00
215.15,9.09,0.00
215.15,12.12,0.00
215.15,15.15,0.00
215.15,18.18,0.00
215.15,21.21,0.00
215.15,24.24,0.00
215.15,27.27,0.00
215.15,30.30,0.00
215.15,33.33,0.00
215.15,36.36,0.00
215.15,39.39,0.00
215.15,42.42,0.00
215.15,45.45,0.00
215.15,48.48,0.00
215.15,51.52,0.00
215.15,54.55,0.00
215.15,57.58,0.00
215.15,60.61,0.00
215.15,63.64,0.00
215.15,66.67,0.00
215.15,69.70,0.00
215.15,72.73,0.00
215.15,75.76,0.00
215.15,78.79,0.00
215.15,81.82,0.00
215.15,84.85,0.00
215.15,87.88,0.00
215.15,90.91,0.00
215.15,93.94,0.00
215.15,96.97,0.00
215.15,100.00,0.00
215.15,103.03,0.00
215.15,106.06,0.00
215.15,109.09,0.00
215.15,112.12,0.00
215.15,115.15,0.00
215.15,118.18,0.00
215.15,121.21,0.00
215.15,124.24,0.00
215.15,127.27,0.00
215.15,130.30,0.00
215.15,133.33,0.00
215.15,136.36,0.00
215.15,139.39,0.00
215.15,142.42,0.00
215.15,145.45,0.00
215.15,148.48,0.00
215.15,151.52,0.00
215.15,154.55,0.00
215.15,157.58,0.00
215.15,160.61,0.00
215.15,163.64,0.00
215.15,166.67,0.00
215.15,169.70,0.00
215.15,172.73,0.00
215.15,175.76,0.00
215.15,178.79,0.00
215.15,181.82,0.00
215.15,184.85,0.00
215.15,187.88,0.00
215.15,190.91,0.00
215.15,193.94,0.00
215.15,196.97,0.00
215.15,200.00,0.00
215.15,203.03,0.00
215.15,206.06,0.00
215.15,209.09,0.00
215.15,212.12,0.00
215.15,215.15,0.00
215.15,218.18,0.00
215.15,221.21,0.00
215.15,224.24,0.00
215.15,227.27,0.00
215.15,230.30,0.00
215.15,233.33,0.00
215.15,236.36,0.00
215.15,239.39,0.00
215.15,242.42,0.00
215.15,245.45,0.00
215.15,248.48,0.00
215.15,251.52,0.00
215.15,254.55,0.00
215.15,257.58,0.00
215.15,260.61,0.00
215.15,263.64,0.00
215.15,266.67,0.00
215.15,269.70,0.00
215.15,272.73,0.00
215.15,275.76,0.00
215.15,278.79,0.00
215.15,281.82,0.00
215.15,284.85,0.00
215.15,287.88,0.00
215.15,290.91,0.00
215.15,293.94,0.00
215.15,296.97,0.00
215.15,300.00,0.00
218.18,0.00,0.00
218.18,3.03,0.00
218.18,6.06,0.00
218.18,9.09,0.00
218.18,12.12,0.00
218.18,15.15,0.00
218.18,18.18,0.00
218.18,21.21,0.00
218.18,24.24,0.00
218.18,27.27,0.00
218.18,30.30,0.00
218.18,33.33,0.00
218.18,36.36,0.00
218.18,39.39,0.00
218.18,42.42,0.00
218.18,45.45,0.00
218.18,48.48,0.00
218.18,51.52,0.00
218.18,54.55,0.00
218.18,57.58,0.00
218.18,60.61,0.00
218.18,63.64,0.00
218.18,66.67,0.00
218.18,69.70,0.00
218.18,72.73,0.00
218.18,75.76,0.00
218.18,78.79,0.00
218.18,81.82,0.00
218.18,84.85,0.00
218.18,87.88,0.00
218.18,90.91,0.00
218.18,93.94,0.00
218.18,96.97,0.00
218.18,100.00,0.00
218.18,103.03,0.00
218.18,106.06,0.00
218.18,109.09,0.00
218.18,112.12,0.00
218.18,115.15,0.00
218.18,118.18,0.00
218.18,121.21,0.00
218.18,124.24,0.00
218.18,127.27,0.00
218.18,130.30,0.00
218.18,133.33,0.00
218.18,136.36,0.00
218.18,139.39,0.00
218.18,142.42,0.00
218.18,145.45,0.00
218.18,148.48,0.00
218.18,151.52,0.00
218.18,154.55,0.00
218.18,157.58,0.00
218.18,160.61,0.00
218.18,163.64,0.00
218.18,166.67,0.00
218.18,169.70,0.00
218.18,172.73,0.00
218.18,175.76,0.00
218.18,178.79,0.00
218.18,181.82,0.00
218.18,184.85,0.00
218.18,187.88,0.00
218.18,190.91,0.00
218.18,193.94,0.00
218.18,196.97,0.00
218.18,200.00,0.00
218.18,203.03,0.00
218.18,206.06,0.00
218.18,209.09,0.00
218.18,212.12,0.00
218.18,215.15,0.00
218.18,218.18,0.00
218.18,221.21,0.00
218.18,224.24,0.00
218.18,227.27,0.00
218.18,230.30,0.00
218.18,233.33,0.00
218.18,236.36,0.00
218.18,239.39,0.00
218.18,242.42,0.00
218.18,245.45,0.00
218.18,248.48,0.00
218.18,251.52,0.00
218.18,254.55,0.00
218.18,257.58,0.00
218.18,260.61,0.00
218.18,263.64,0.00
218.18,266.67,0.00
218.18,269.70,0.00
218.18,272.73,0.00
218.18,275.76,0.00
218.18,278.79,0.00
218.18,281.82,0.00
218.18,284.85,0.00
218.18,287.88,0.00
218.18,290.91,0.00
218.18,293.94,0.00
218.18,296.97,0.00
218.18,300.00,0.00
221.21,0.00,0.00
221.21,3.03,0.00
221.21,6.06,0.00
221.21,9.09,0.00
221.21,12.12,0.00
221.21,15.15,0.00
221.21,18.18,0.00
221.21,21.21,0.00
221.21,24.24,0.00
221.21,27.27,0.00
221.21,30.30,0.00
221.21,33.33,0.00
221.21,36.36,0.00
221.21,39.39,0.00
221.21,42.42,0.00
221.21,45.45,0.00
221.21,48.48,0.00
221.21,51.52,0.00
221.21,54.55,0.00
221.21,57.58,0.00
221.21,60.61,0.00
221.21,63.64,0.00
221.21,66.67,0.00
221.21,69.70,0.00
221.21,72.73,0.00
221.21,75.76,0.00
221.21,78.79,0.00
221.21,81.82,0.00
221.21,84.85,0.00
221.21,87.88,0.00
221.21,90.91,0.00
221.21,93.94,0.00
221.21,96.97,0.00
221.21,100.00,0.00
221.21,103.03,0.00
221.21,106.06,0.00
221.21,109.09,0.00
221.21,112.12,0.00
221.21,115.15,0.00
221.21,118.18,0.00
221.21,121.21,0.00
221.21,124.24,0.00
221.21,127.27,0.00
221.21,130.30,0.00
221.21,133.33,0.00
221.21,136.36,0.00
221.21,139.39,0.00
221.21,142.42,0.00
221.21,145.45,0.00
221.21,148.48,0.00
221.21,151.52,0.00
221.21,154.55,0.00
221.21,157.58,0.00
221.21,160.61,0.00
221.21,163.64,0.00
221.21,166.67,0.00
221.21,169.70,0.00
221.21,172.73,0.00
221.21,175.76,0.00
221.21,178.79,0.00
221.21,181.82,0.00
221.21,184.85,0.00
221.21,187.88,0.00
221.21,190.91,0.00
221.21,193.94,0.00
221.21,196.97,0.00
221.21,200.00,0.00
221.21,203.03,0.00
221.21,206.06,0.00
221.21,209.09,0.00
221.21,212.12,0.00
221.21,215.15,0.00
221.21,218.18,0.00
221.21,221.21,0.00
221.21,224.24,0.00
221.21,227.27,0.00
221.21,230.30,0.00
221.21,233.33,0.00
221.21,236.36,0.00
221.21,239.39,0.00
221.21,242.42,0.00
221.21,245.45,0.00
221.21,248.48,0.00
221.21,251.52,0.00
221.21,254.55,0.00
221.21,257.58,0.00
221.21,260.61,0.00
221.21,263.64,0.00
221.21,266.67,0.00
221.21,269.70,0.00
221.21,272.73,0.00
221.21,275.76,0.00
221.21,278.79,0.00
221.21,281.82,0.00
221.21,284.85,0.00
221.21,287.88,0.00
221.21,290.91,0.00
221.21,293.94,0.00
221.21,296.97,0.00
221.21,300.00,0.00
224.24,0.00,0.00
224.24,3.03,0.00
224.24,6.06,0.00
224.24,9.09,0.00
224.24,12.12,0.00
224.24,15.15,0.00
224.24,18.18,0.00
224.24,21.21,0.00
224.24,24.24,0.00
224.24,27.27,0.00
224.24,30.30,0.00
224.24,33.33,0.00
224.24,36.36,0.00
224.24,39.39,0.00
224.24,42.42,0.00
224.24,45.45,0.00
224.24,48.48,0.00
224.24,51.52,0.00
224.24,54.55,0.00
224.24,57.58,0.00
224.24,60.61,0.00
224.24,63.64,0.00
224.24,66.67,0.00
224.24,69.70,0.00
224.24,72.73,0.00
224.24,75.76,0.00
224.24,78.79,0.00
224.24,81.82,0.00
224.24,84.85,0.00
224.24,87.88,0.00
224.24,90.91,0.00
224.24,93.94,0.00
224.24,96.97,0.00
224.24,100.00,0.00
224.24,103.03,0.00
224.24,106.06,0.00
224.24,109.09,0.00
224.24,112.12,0.00
224.24,115.15,0.00
224.24,118.18,0.00
224.24,121.21,0.00
224.24,124.24,0.00
224.24,127.27,0.00
224.24,130.30,0.00
224.24,133.33,0.00
224.24,136.36,0.00
224.24,139.39,0.00
224.24,142.42,0.00
224.24,145.45,0.00
224.24,148.48,0.00
224.24,151.52,0.00
224.24,154.55,0.00
224.24,157.58,0.00
224.24,160.61,0.00
224.24,163.64,0.00
224.24,166.67,0.00
224.24,169.70,0.00
224.24,172.73,0.00
224.24,175.76,0.00
224.24,178.79,0.00
224.24,181.82,0.00
224.24,184.85,0.00
224.24,187.88,0.00
224.24,190.91,0.00
224.24,193.94,0.00
224.24,196.97,0.00
224.24,200.00,0.00
224.24,203.03,0.00
224.24,206.06,0.00
224.24,209.09,0.00
224.24,212.12,0.00
224.24,215.15,0.00
224.24,218.18,0.00
224.24,221.21,0.00
224.24,224.24,0.00
224.24,227.27,0.00
224.24,230.30,0.00
224.24,233.33,0.00
224.24,236.36,0.00
224.24,239.39,0.00
224.24,242.42,0.00
224.24,245.45,0.00
224.24,248.48,0.00
224.24,251.52,0.00
224.24,254.55,0.00
224.24,257.58,0.00
224.24,260.61,0.00
224.24,263.64,0.00
224.24,266.67,0.00
224.24,269.70,0.00
224.24,272.73,0.00
224.24,275.76,0.00
224.24,278.79,0.00
224.24,281.82,0.00
224.24,284.85,0.00
224.24,287.88,0.00
224.24,290.91,0.00
224.24,293.94,0.00
224.24,296.97,0.00
224.24,300.00,0.00
227.27,0.00,0.00
227.27,3.03,0.00
227.27,6.06,0.00
227.27,9.09,0.00
227.27,12.12,0.00
227.27,15.15,0.00
227.27,18.18,0.00
227.27,21.21,0.00
227.27,24.24,0.00
227.27,27.27,0.00
227.27,30.30,0.00
227.27,33.33,0.00
227.27,36.36,0.00
227.27,39.39,0.00
227.27,42.42,0.00
227.27,45.45,0.00
227.27,48.48,0.00
227.27,51.52,0.00
227.27,54.55,0.00
227.27,57.58,0.00
227.27,60.61,0.00
227.27,63.64,0.00
227.27,66.67,0.00
227.27,69.70,0.00
227.27,72.73,0.00
227.27,75.76,0.00
227.27,78.79,0.00
227.27,81.82,0.00
227.27,84.85,0.00
227.27,87.88,0.00
227.27,90.91,0.00
227.27,93.94,0.00
227.27,96.97,0.00
227.27,100.00,0.00
227.27,103.03,0.00
227.27,106.06,0.00
227.27,109.09,0.00
227.27,112.12,0.00
227.27,115.15,0.00
227.27,118.18,0.00
227.27,121.21,0.00
227.27,124.24,0.00
227.27,127.27,0.00
227.27,130.30,0.00
227.27,133.33,0.00
227.27,136.36,0.00
227.27,139.39,0.00
227.27,142.42,0.00
227.27,145.45,0.00
227.27,148.48,0.00
227.27,151.52,0.00
227.27,154.55,0.00
227.27,157.58,0.00
227.27,160.61,0.00
227.27,163.64,0.00
227.27,166.67,0.00
227.27,169.70,0.00
227.27,172.73,0.00
227.27,175.76,0.00
227.27,178.79,0.00
227.27,181.82,0.00
227.27,184.85,0.00
227.27,187.88,0.00
227.27,190.91,0.00
227.27,193.94,0.00
227.27,196.97,0.00
227.27,200.00,0.00
227.27,203.03,0.00
227.27,206.06,0.00
227.27,209.09,0.00
227.27,212.12,0.00
227.27,215.15,0.00
227.27,218.18,0.00
227.27,221.21,0.00
227.27,224.24,0.00
227.27,227.27,0.00
227.27,230.30,0.00
227.27,233.33,0.00
227.27,236.36,0.00
227.27,239.39,0.00
227.27,242.42,0.00
227.27,245.45,0.00
227.27,248.48,0.00
227.27,251.52,0.00
227.27,254.55,0.00
227.27,257.58,0.00
227.27,260.61,0.00
227.27,263.64,0.00
227.27,266.67,0.00
227.27,269.70,0.00
227.27,272.73,0.00
227.27,275.76,0.00
227.27,278.79,0.00
227.27,281.82,0.00
227.27,284.85,0.00
227.27,287.88,0.00
227.27,290.91,0.00
227.27,293.94,0.00
227.27,296.97,0.00
227.27,300.00,0.00
230.30,0.00,0.00
230.30,3.03,0.00
230.30,6.06,0.00
230.30,9.09,0.00
230.30,12.12,0.00
230.30,15.15,0.00
230.30,18.18,0.00
230.30,21.21,0.00
230.30,24.24,0.00
230.30,27.27,0.00
230.30,30.30,0.00
230.30,33.33,0.00
230.30,36.36,0.00
230.30,39.39,0.00
230.30,42.42,0.00
230.30,45.45,0.00
230.30,48.48,0.00
230.30,51.52,0.00
230.30,54.55,0.00
230.30,57.58,0.00
230.30,60.61,0.00
230.30,63.64,0.00
230.30,66.67,0.00
230.30,69.70,0.00
230.30,72.73,0.00
230.30,75.76,0.00
230.30,78.79,0.00
230.30,81.82,0.00
230.30,84.85,0.00
230.30,87.88,0.00
230.30,90.91,0.00
230.30,93.94,0.00
230.30,96.97,0.00
230.30,100.00,0.00
230.30,103.03,0.00
230.30,106.06,0.00
230.30,109.09,0.00
230.30,112.12,0.00
230.30,115.15,0.00
230.30,118.18,0.00
230.30,121.21,0.00
230.30,124.24,0.00
230.30,127.27,0.00
230.30,130.30,0.00
230.30,133.33,0.00
230.30,136.36,0.00
230.30,139.39,0.00
230.30,142.42,0.00
230.30,145.45,0.00
230.30,148.48,0.00
230.30,151.52,0.00
230.30,154.55,0.00
230.30,157.58,0.00
230.30,160.61,0.00
230.30,163.64,0.00
230.30,166.67,0.00
230.30,169.70,0.00
230.30,172.73,0.00
230.30,175.76,0.00
230.30,178.79,0.00
230.30,181.82,0.00
230.30,184.85,0.00
230.30,187.88,0.00
230.30,190.91,0.00
230.30,193.94,0.00
230.30,196.97,0.00
230.30,200.00,0.00
230.30,203.03,0.00
230.30,206.06,0.00
230.30,209.09,0.00
230.30,212.12,0.00
230.30,215.15,0.00
230.30,218.18,0.00
230.30,221.21,0.00
230.30,224.24,0.00
230.30,227.27,0.00
230.30,230.30,0.00
230.30,233.33,0.00
230.30,236.36,0.00
230.30,239.39,0.00
230.30,242.42,0.00
230.30,245.45,0.00
230.30,248.48,0.00
230.30,251.52,0.00
230.30,254.55,0.00
230.30,257.58,0.00
230.30,260.61,0.00
230.30,263.64,0.00
230.30,266.67,0.00
230.30,269.70,0.00
230.30,272.73,0.00
230.30,275.76,0.00
230.30,278.79,0.00
230.30,281.82,0.00
230.30,284.85,0.00
230.30,287.88,0.00
230.30,290.91,0.00
230.30,293.94,0.00
230.30,296.97,0.00
230.30,300.00,0.00
233.33,0.00,0.00
233.33,3.03,0.00
233.33,6.06,0.00
233.33,9.09,0.00
233.33,12.12,0.00
233.33,15.15,0.00
233.33,18.18,0.00
233.33,21.21,0.00
233.33,24.24,0.00
233.33,27.27,0.00
233.33,30.30,0.00
233.33,33.33,0.00
233.33,36.36,0.00
233.33,39.39,0.00
233.33,42.42,0.00
233.33,45.45,0.00
233.33,48.48,0.00
233.33,51.52,0.00
233.33,54.55,0.00
233.33,57.58,0.00
233.33,60.61,0.00
233.33,63.64,0.00
233.33,66.67,0.00
233.33,69.70,0.00
233.33,72.73,0.00
233.33,75.76,0.00
233.33,78.79,0.00
233.33,81.82,0.00
233.33,84.85,0.00
233.33,87.88,0.00
233.33,90.91,0.00
233.33,93.94,0.00
233.33,96.97,0.00
233.33,100.00,0.00
233.33,103.03,0.00
233.33,106.06,0.00
233.33,109.09,0.00
233.33,112.12,0.00
233.33,115.15,0.00
233.33,118.18,0.00
233.33,121.21,0.00
233.33,124.24,0.00
233.33,127.27,0.00
233.33,130.30,0.00
233.33,133.33,0.00
233.33,136.36,0.00
233.33,139.39,0.00
233.33,142.42,0.00
233.33,145.45,0.00
233.33,148.48,0.00
233.33,151.52,0.00
233.33,154.55,0.00
233.33,157.58,0.00
233.33,160.61,0.00
233.33,163.64,0.00
233.33,166.67,0.00
233.33,169.70,0.00
233.33,172.73,0.00
233.33,175.76,0.00
233.33,178.79,0.00
233.33,181.82,0.00
233.33,184.85,0.00
233.33,187.88,0.00
233.33,190.91,0.00
233.33,193.94,0.00
233.33,196.97,0.00
233.33,200.00,0.00
233.33,203.03,0.00
233.33,206.06,0.00
233.33,209.09,0.00
233.33,212.12,0.00
233.33,215.15,0.00
233.33,218.18,0.00
233.33,221.21,0.00
233.33,224.24,0.00
233.33,227.27,0.00
233.33,230.30,0.00
233.33,233.33,0.00
233.33,236.36,0.00
233.33,239.39,0.00
233.33,242.42,0.00
233.33,245.45,0.00
233.33,248.48,0.00
233.33,251.52,0.00
233.33,254.55,0.00
233.33,257.58,0.00
233.33,260.61,0.00
233.33,263.64,0.00
233.33,266.67,0.00
233.33,269.70,0.00
233.33,272.73,0.00
233.33,275.76,0.00
233.33,278.79,0.00
233.33,281.82,0.00
233.33,284.85,0.00
233.33,287.88,0.00
233.33,290.91,0.00
233.33,293.94,0.00
233.33,296.97,0.00
233.33,300.00,0.00
236.36,0.00,0.00
236.36,3.03,0.00
236.36,6.06,0.00
236.36,9.09,0.00
236.36,12.12,0.00
236.36,15.15,0.00
236.36,18.18,0.00
236.36,21.21,0.00
236.36,24.24,0.00
236.36,27.27,0.00
236.36,30.30,0.00
236.36,33.33,0.00
236.36,36.36,0.00
236.36,39.39,0.00
236.36,42.42,0.00
236.36,45.45,0.00
236.36,48.48,0.00
236.36,51.52,0.00
236.36,54.55,0.00
236.36,57.58,0.00
236.36,60.61,0.00
236.36,63.64,0.00
236.36,66.67,0.00
236.36,69.70,0.00
236.36,72.73,0.00
236.36,75.76,0.00
236.36,78.79,0.00
236.36,81.82,0.00
236.36,84.85,0.00
236.36,87.88,0.00
236.36,90.91,0.00
236.36,93.94,0.00
236.36,96.97,0.00
236.36,100.00,0.00
236.36,103.03,0.00
236.36,106.06,0.00
236.36,109.09,0.00
236.36,112.12,0.00
236.36,115.15,0.00
236.36,118.18,0.00
236.36,121.21,0.00
236.36,124.24,0.00
236.36,127.27,0.00
236.36,130.30,0.00
236.36,133.33,0.00
236.36,136.36,0.00
236.36,139.39,0.00
236.36,142.42,0.00
236.36,145.45,0.00
236.36,148.48,0.00
236.36,151.52,0.00
236.36,154.55,0.00
236.36,157.58,0.00
236.36,160.61,0.00
236.36,163.64,0.00
236.36,166.67,0.00
236.36,169.70,0.00
236.36,172.73,0.00
236.36,175.76,0.00
236.36,178.79,0.00
236.36,181.82,0.00
236.36,184.85,0.00
236.36,187.88,0.00
236.36,190.91,0.00
236.36,193.94,0.00
236.36,196.97,0.00
236.36,200.00,0.00
236.36,203.03,0.00
236.36,206.06,0.00
236.36,209.09,0.00
236.36,212.12,0.00
236.36,215.15,0.00
236.36,218.18,0.00
236.36,221.21,0.00
236.36,224.24,0.00
236.36,227.27,0.00
236.36,230.30,0.00
236.36,233.33,0.00
236.36,236.36,0.00
236.36,239.39,0.00
236.36,242.42,0.00
236.36,245.45,0.00
236.36,248.48,0.00
236.36,251.52,0.00
236.36,254.55,0.00
236.36,257.58,0.00
236.36,260.61,0.00
236.36,263.64,0.00
236.36,266.67,0.00
236.36,269.70,0.00
236.36,272.73,0.00
236.36,275.76,0.00
236.36,278.79,0.00
236.36,281.82,0.00
236.36,284.85,0.00
236.36,287.88,0.00
236.36,290.91,0.00
236.36,293.94,0.00
236.36,296.97,0.00
236.36,300.00,0.00
239.39,0.00,0.00
239.39,3.03,0.00
239.39,6.06,0.00
239.39,9.09,0.00
239.39,12.12,0.00
239.39,15.15,0.00
239.39,18.18,0.00
239.39,21.21,0.00
239.39,24.24,0.00
239.39,27.27,0.00
239.39,30.30,0.00
239.39,33.33,0.00
239.39,36.36,0.00
239.39,39.39,0.00
239.39,42.42,0.00
239.39,45.45,0.00
239.39,48.48,0.00
239.39,51.52,0.00
239.39,54.55,0.00
239.39,57.58,0.00
239.39,60.61,0.00
239.39,63.64,0.00
239.39,66.67,0.00
239.39,69.70,0.00
239.39,72.73,0.00
239.39,75.76,0.00
239.39,78.79,0.00
239.39,81.82,0.00
239.39,84.85,0.00
239.39,87.88,0.00
239.39,90.91,0.00
239.39,93.94,0.00
239.39,96.97,0.00
239.39,100.00,0.00
239.39,103.03,0.00
239.39,106.06,0.00
239.39,109.09,0.00
239.39,112.12,0.00
239.39,115.15,0.00
239.39,118.18,0.00
239.39,121.21,0.00
239.39,124.24,0.00
239.39,127.27,0.00
239.39,130.30,0.00
239.39,133.33,0.00
239.39,136.36,0.00
239.39,139.39,0.00
239.39,142.42,0.00
239.39,145.45,0.00
239.39,148.48,0.00
239.39,151.52,0.00
239.39,154.55,0.00
239.39,157.58,0.00
239.39,160.61,0.00
239.39,163.64,0.00
239.39,166.67,0.00
239.39,169.70,0.00
239.39,172.73,0.00
239.39,175.76,0.00
239.39,178.79,0.00
239.39,181.82,0.00
239.39,184.85,0.00
239.39,187.88,0.00
239.39,190.91,0.00
239.39,193.94,0.00
239.39,196.97,0.00
239.39,200.00,0.00
239.39,203.03,0.00
239.39,206.06,0.00
239.39,209.09,0.00
239.39,212.12,0.00
239.39,215.15,0.00
239.39,218.18,0.00
239.39,221.21,0.00
239.39,224.24,0.00
239.39,227.27,0.00
239.39,230.30,0.00
239.39,233.33,0.00
239.39,236.36,0.00
239.39,239.39,0.00
239.39,242.42,0.00
239.39,245.45,0.00
239.39,248.48,0.00
239.39,251.52,0.00
239.39,254.55,0.00
239.39,257.58,0.00
239.39,260.61,0.00
239.39,263.64,0.00
239.39,266.67,0.00
239.39,269.70,0.00
239.39,272.73,0.00
239.39,275.76,0.00
239.39,278.79,0.00
239.39,281.82,0.00
239.39,284.85,0.00
239.39,287.88,0.00
239.39,290.91,0.00
239.39,293.94,0.00
239.39,296.97,0.00
239.39,300.00,0.00
242.42,0.00,0.00
242.42,3.03,0.00
242.42,6.06,0.00
242.42,9.09,0.00
242.42,12.12,0.00
242.42,15.15,0.00
242.42,18.18,0.00
242.42,21.21,0.00
242.42,24.24,0.00
242.42,27.27,0.00
242.42,30.30,0.00
242.42,33.33,0.00
242.42,36.36,0.00
242.42,39.39,0.00
242.42,42.42,0.00
242.42,45.45,0.00
242.42,48.48,0.00
242.42,51.52,0.00
242.42,54.55,0.00
242.42,57.58,0.00
242.42,60.61,0.00
242.42,63.64,0.00
242.42,66.67,0.00
242.42,69.70,0.00
242.42,72.73,0.00
242.42,75.76,0.00
242.42,78.79,0.00
242.42,81.82,0.00
242.42,84.85,0.00
242.42,87.88,0.00
242.42,90.91,0.00
242.42,93.94,0.00
242.42,96.97,0.00
242.42,100.00,0.00
242.42,103.03,0.00
242.42,106.06,0.00
242.42,109.09,0.00
242.42,112.12,0.00
242.42,115.15,0.00
242.42,118.18,0.00
242.42,121.21,0.00
242.42,124.24,0.00
242.42,127.27,0.00
242.42,130.30,0.00
242.42,133.33,0.00
242.42,136.36,0.00
242.42,139.39,0.00
242.42,142.42,0.00
242.42,145.45,0.00
242.42,148.48,0.00
242.42,151.52,0.00
242.42,154.55,0.00
242.42,157.58,0.00
242.42,160.61,0.00
242.42,163.64,0.00
242.42,166.67,0.00
242.42,169.70,0.00
242.42,172.73,0.00
242.42,175.76,0.00
242.42,178.79,0.00
242.42,181.82,0.00
242.42,184.85,0.00
242.42,187.88,0.00
242.42,190.91,0.00
242.42,193.94,0.00
242.42,196.97,0.00
242.42,200.00,0.00
242.42,203.03,0.00
242.42,206.06,0.00
242.42,209.09,0.00
242.42,212.12,0.00
242.42,215.15,0.00
242.42,218.18,0.00
242.42,221.21,0.00
242.42,224.24,0.00
242.42,227.27,0.00
242.42,230.30,0.00
242.42,233.33,0.00
242.42,236.36,0.00
242.42,239.39,0.00
242.42,242.42,0.00
242.42,245.45,0.00
242.42,248.48,0.00
242.42,251.52,0.00
242.42,254.55,0.00
242.42,257.58,0.00
242.42,260.61,0.00
242.42,263.64,0.00
242.42,266.67,0.00
242.42,269.70,0.00
242.42,272.73,0.00
242.42,275.76,0.00
242.42,278.79,0.00
242.42,281.82,0.00
242.42,284.85,0.00
242.42,287.88,0.00
242.42,290.91,0.00
242.42,293.94,0.00
242.42,296.97,0.00
242.42,300.00,0.00
245.45,0.00,0.00
245.45,3.03,0.00
245.45,6.06,0.00
245.45,9.09,0.00
245.45,12.12,0.00
245.45,15.15,0.00
245.45,18.18,0.00
245.45,21.21,0.00
245.45,24.24,0.00
245.45,27.27,0.00
245.45,30.30,0.00
245.45,33.33,0.00
245.45,36.36,0.00
245.45,39.39,0.00
245.45,42.42,0.00
245.45,45.45,0.00
245.45,48.48,0.00
245.45,51.52,0.00
245.45,54.55,0.00
245.45,57.58,0.00
245.45,60.61,0.00
245.45,63.64,0.00
245.45,66.67,0.00
245.45,69.70,0.00
245.45,72.73,0.00
245.45,75.76,0.00
245.45,78.79,0.00
245.45,81.82,0.00
245.45,84.85,0.00
245.45,87.88,0.00
245.45,90.91,0.00
245.45,93.94,0.00
245.45,96.97,0.00
245.45,100.00,0.00
245.45,103.03,0.00
245.45,106.06,0.00
245.45,109.09,0.00
245.45,112.12,0.00
245.45,115.15,0.00
245.45,118.18,0.00
245.45,121.21,0.00
245.45,124.24,0.00
245.45,127.27,0.00
245.45,130.30,0.00
245.45,133.33,0.00
245.45,136.36,0.00
245.45,139.39,0.00
245.45,142.42,0.00
245.45,145.45,0.00
245.45,148.48,0.00
245.45,151.52,0.00
245.45,154.55,0.00
245.45,157.58,0.00
245.45,160.61,0.00
245.45,163.64,0.00
245.45,166.67,0.00
245.45,169.70,0.00
245.45,172.73,0.00
245.45,175.76,0.00
245.45,178.79,0.00
245.45,181.82,0.00
245.45,184.85,0.00
245.45,187.88,0.00
245.45,190.91,0.00
245.45,193.94,0.00
245.45,196.97,0.00
245.45,200.00,0.00
245.45,203.03,0.00
245.45,206.06,0.00
245.45,209.09,0.00
245.45,212.12,0.00
245.45,215.15,0.00
245.45,218.18,0.00
245.45,221.21,0.00
245.45,224.24,0.00
245.45,227.27,0.00
245.45,230.30,0.00
245.45,233.33,0.00
245.45,236.36,0.00
245.45,239.39,0.00
245.45,242.42,0.00
245.45,245.45,0.00
245.45,248.48,0.00
245.45,251.52,0.00
245.45,254.55,0.00
245.45,257.58,0.00
245.45,260.61,0.00
245.45,263.64,0.00
245.45,266.67,0.00
245.45,269.70,0.00
245.45,272.73,0.00
245.45,275.76,0.00
245.45,278.79,0.00
245.45,281.82,0.00
245.45,284.85,0.00
245.45,287.88,0.00
245.45,290.91,0.00
245.45,293.94,0.00
245.45,296.97,0.00
245.45,300.00,0.00
248.48,0.00,0.00
248.48,3.03,0.00
248.48,6.06,0.00
248.48,9.09,0.00
248.48,12.12,0.00
248.48,15.15,0.00
248.48,18.18,0.00
248.48,21.21,0.00
248.48,24.24,0.00
248.48,27.27,0.00
248.48,30.30,0.00
248.48,33.33,0.00
248.48,36.36,0.00
248.48,39.39,0.00
248.48,42.42,0.00
248.48,45.45,0.00
248.48,48.48,0.00
248.48,51.52,0.00
248.48,54.55,0.00
248.48,57.58,0.00
248.48,60.61,0.00
248.48,63.64,0.00
248.48,66.67,0.00
248.48,69.70,0.00
248.48,72.73,0.00
248.48,75.76,0.00
248.48,78.79,0.00
248.48,81.82,0.00
248.48,84.85,0.00
248.48,87.88,0.00
248.48,90.91,0.00
248.48,93.94,0.00
248.48,96.97,0.00
248.48,100.00,0.00
248.48,103.03,0.00
248.48,106.06,0.00
248.48,109.09,0.00
248.48,112.12,0.00
248.48,115.15,0.00
248.48,118.18,0.00
248.48,121.21,0.00
248.48,124.24,0.00
248.48,127.27,0.00
248.48,130.30,0.00
248.48,133.33,0.00
248.48,136.36,0.00
248.48,139.39,0.00
248.48,142.42,0.00
248.48,145.45,0.00
248.48,148.48,0.00
248.48,151.52,0.00
248.48,154.55,0.00
248.48,157.58,0.00
248.48,160.61,0.00
248.48,163.64,0.00
248.48,166.67,0.00
248.48,169.70,0.00
248.48,172.73,0.00
248.48,175.76,0.00
248.48,178.79,0.00
248.48,181.82,0.00
248.48,184.85,0.00
248.48,187.88,0.00
248.48,190.91,0.00
248.48,193.94,0.00
248.48,196.97,0.00
248.48,200.00,0.00
248.48,203.03,0.00
248.48,206.06,0.00
248.48,209.09,0.00
248.48,212.12,0.00
248.48,215.15,0.00
248.48,218.18,0.00
248.48,221.21,0.00
248.48,224.24,0.00
248.48,227.27,0.00
248.48,230.30,0.00
248.48,233.33,0.00
248.48,236.36,0.00
248.48,239.39,0.00
248.48,242.42,0.00
248.48,245.45,0.00
248.48,248.48,0.00
248.48,251.52,0.00
248.48,254.55,0.00
248.48,257.58,0.00
248.48,260.61,0.00
248.48,263.64,0.00
248.48,266.67,0.00
248.48,269.70,0.00
248.48,272.73,0.00
248.48,275.76,0.00
248.48,278.79,0.00
248.48,281.82,0.00
248.48,284.85,0.00
248.48,287.88,0.00
248.48,290.91,0.00
248.48,293.94,0.00
248.48,296.97,0.00
248.48,300.00,0.00
251.52,0.00,0.00
251.52,3.03,0.00
251.52,6.06,0.00
251.52,9.09,0.00
251.52,12.12,0.00
251.52,15.15,0.00
251.52,18.18,0.00
251.52,21.21,0.00
251.52,24.24,0.00
251.52,27.27,0.00
251.52,30.30,0.00
251.52,33.33,0.00
251.52,36.36,0.00
251.52,39.39,0.00
251.52,42.42,0.00
251.52,45.45,0.00
251.52,48.48,0.00
251.52,51.52,0.00
251.52,54.55,0.00
251.52,57.58,0.00
251.52,60.61,0.00
251.52,63.64,0.00
251.52,66.67,0.00
251.52,69.70,0.00
251.52,72.73,0.00
251.52,75.76,0.00
251.52,78.79,0.00
251.52,81.82,0.00
251.52,84.85,0.00
251.52,87.88,0.00
251.52,90.91,0.00
251.52,93.94,0.00
251.52,96.97,0.00
251.52,100.00,0.00
251.52,103.03,0.00
251.52,106.06,0.00
251.52,109.09,0.00
251.52,112.12,0.00
251.52,115.15,0.00
251.52,118.18,0.00
251.52,121.21,0.00
251.52,124.24,0.00
251.52,127.27,0.00
251.52,130.30,0.00
251.52,133.33,0.00
251.52,136.36,0.00
251.52,139.39,0.00
251.52,142.42,0.00
251.52,145.45,0.00
251.52,148.48,0.00
251.52,151.52,0.00
251.52,154.55,0.00
251.52,157.58,0.00
251.52,160.61,0.00
251.52,163.64,0.00
251.52,166.67,0.00
251.52,169.70,0.00
251.52,172.73,0.00
251.52,175.76,0.00
251.52,178.79,0.00
251.52,181.82,0.00
251.52,184.85,0.00
251.52,187.88,0.00
251.52,190.91,0.00
251.52,193.94,0.00
251.52,196.97,0.00
251.52,200.00,0.00
251.52,203.03,0.00
251.52,206.06,0.00
251.52,209.09,0.00
251.52,212.12,0.00
251.52,215.15,0.00
251.52,218.18,0.00
251.52,221.21,0.00
251.52,224.24,0.00
251.52,227.27,0.00
251.52,230.30,0.00
251.52,233.33,0.00
251.52,236.36,0.00
251.52,239.39,0.00
251.52,242.42,0.00
251.52,245.45,0.00
251.52,248.48,0.00
251.52,251.52,0.00
251.52,254.55,0.00
251.52,257.58,0.00
251.52,260.61,0.00
251.52,263.64,0.00
251.52,266.67,0.00
251.52,269.70,0.00
251.52,272.73,0.00
251.52,275.76,0.00
251.52,278.79,0.00
251.52,281.82,0.00
251.52,284.85,0.00
251.52,287.88,0.00
251.52,290.91,0.00
251.52,293.94,0.00
251.52,296.97,0.00
251.52,300.00,0.00
254.55,0.00,0.00
254.55,3.03,0.00
254.55,6.06,0.00
254.55,9.09,0.00
254.55,12.12,0.00
254.55,15.15,0.00
254.55,18.18,0.00
254.55,21.21,0.00
254.55,24.24,0.00
254.55,27.27,0.00
254.55,30.30,0.00
254.55,33.33,0.00
254.55,36.36,0.00
254.55,39.39,0.00
254.55,42.42,0.00
254.55,45.45,0.00
254.55,48.48,0.00
254.55,51.52,0.00
254.55,54.55,0.00
254.55,57.58,0.00
254.55,60.61,0.00
254.55,63.64,0.00
254.55,66.67,0.00
254.55,69.70,0.00
254.55,72.73,0.00
254.55,75.76,0.00
254.55,78.79,0.00
254.55,81.82,0.00
254.55,84.85,0.00
254.55,87.88,0.00
254.55,90.91,0.00
254.55,93.94,0.00
254.55,96.97,0.00
254.55,100.00,0.00
254.55,103.03,0.00
254.55,106.06,0.00
254.55,109.09,0.00
254.55,112.12,0.00
254.55,115.15,0.00
254.55,118.18,0.00
254.55,121.21,0.00
254.55,124.24,0.00
254.55,127.27,0.00
254.55,130.30,0.00
254.55,133.33,0.00
254.55,136.36,0.00
254.55,139.39,0.00
254.55,142.42,0.00
254.55,145.45,0.00
254.55,148.48,0.00
254.55,151.52,0.00
254.55,154.55,0.00
254.55,157.58,0.00
254.55,160.61,0.00
254.55,163.64,0.00
254.55,166.67,0.00
254.55,169.70,0.00
254.55,172.73,0.00
254.55,175.76,0.00
254.55,178.79,0.00
254.55,181.82,0.00
254.55,184.85,0.00
254.55,187.88,0.00
254.55,190.91,0.00
254.55,193.94,0.00
254.55,196.97,0.00
254.55,200.00,0.00
254.55,203.03,0.00
254.55,206.06,0.00
254.55,209.09,0.00
254.55,212.12,0.00
254.55,215.15,0.00
254.55,218.18,0.00
254.55,221.21,0.00
254.55,224.24,0.00
254.55,227.27,0.00
254.55,230.30,0.00
254.55,233.33,0.00
254.55,236.36,0.00
254.55,239.39,0.00
254.55,242.42,0.00
254.55,245.45,0.00
254.55,248.48,0.00
254.55,251.52,0.00
254.55,254.55,0.00
254.55,257.58,0.00
254.55,260.61,0.00
254.55,263.64,0.00
254.55,266.67,0.00
254.55,269.70,0.00
254.55,272.73,0.00
254.55,275.76,0.00
254.55,278.79,0.00
254.55,281.82,0.00
254.55,284.85,0.00
254.55,287.88,0.00
254.55,290.91,0.00
254.55,293.94,0.00
254.55,296.97,0.00
254.55,300.00,0.00
257.58,0.00,0.00
257.58,3.03,0.00
257.58,6.06,0.00
257.58,9.09,0.00
257.58,12.12,0.00
257.58,15.15,0.00
257.58,18.18,0.00
257.58,21.21,0.00
257.58,24.24,0.00
257.58,27.27,0.00
257.58,30.30,0.00
257.58,33.33,0.00
257.58,36.36,0.00
257.58,39.39,0.00
257.58,42.42,0.00
257.58,45.45,0.00
257.58,48.48,0.00
257.58,51.52,0.00
257.58,54.55,0.00
257.58,57.58,0.00
257.58,60.61,0.00
257.58,63.64,0.00
257.58,66.67,0.00
257.58,69.70,0.00
257.58,72.73,0.00
257.58,75.76,0.00
257.58,78.79,0.00
257.58,81.82,0.00
257.58,84.85,0.00
257.58,87.88,0.00
257.58,90.91,0.00
257.58,93.94,0.00
257.58,96.97,0.00
257.58,100.00,0.00
257.58,103.03,0.00
257.58,106.06,0.00
257.58,109.09,0.00
257.58,112.12,0.00
257.58,115.15,0.00
257.58,118.18,0.00
257.58,121.21,0.00
257.58,124.24,0.00
257.58,127.27,0.00
257.58,130.30,0.00
257.58,133.33,0.00
257.58,136.36,0.00
257.58,139.39,0.00
257.58,142.42,0.00
257.58,145.45,0.00
257.58,148.48,0.00
257.58,151.52,0.00
257.58,154.55,0.00
257.58,157.58,0.00
257.58,160.61,0.00
257.58,163.64,0.00
257.58,166.67,0.00
257.58,169.70,0.00
257.58,172.73,0.00
257.58,175.76,0.00
257.58,178.79,0.00
257.58,181.82,0.00
257.58,184.85,0.00
257.58,187.88,0.00
257.58,190.91,0.00
257.58,193.94,0.00
257.58,196.97,0.00
257.58,200.00,0.00
257.58,203.03,0.00
257.58,206.06,0.00
257.58,209.09,0.00
257.58,212.12,0.00
257.58,215.15,0.00
257.58,218.18,0.00
257.58,221.21,0.00
257.58,224.24,0.00
257.58,227.27,0.00
257.58,230.30,0.00
257.58,233.33,0.00
257.58,236.36,0.00
257.58,239.39,0.00
257.58,242.42,0.00
257.58,245.45,0.00
257.58,248.48,0.00
257.58,251.52,0.00
257.58,254.55,0.00
257.58,257.58,0.00
257.58,260.61,0.00
257.58,263.64,0.00
257.58,266.67,0.00
257.58,269.70,0.00
257.58,272.73,0.00
257.58,275.76,0.00
257.58,278.79,0.00
257.58,281.82,0.00
257.58,284.85,0.00
257.58,287.88,0.00
257.58,290.91,0.00
257.58,293.94,0.00
257.58,296.97,0.00
257.58,300.00,0.00
260.61,0.00,0.00
260.61,3.03,0.00
260.61,6.06,0.00
260.61,9.09,0.00
260.61,12.12,0.00
260.61,15.15,0.00
260.61,18.18,0.00
260.61,21.21,0.00
260.61,24.24,0.00
260.61,27.27,0.00
260.61,30.30,0.00
260.61,33.33,0.00
260.61,36.36,0.00
260.61,39.39,0.00
260.61,42.42,0.00
260.61,45.45,0.00
260.61,48.48,0.00
260.61,51.52,0.00
260.61,54.55,0.00
260.61,57.58,0.00
260.61,60.61,0.00
260.61,63.64,0.00
260.61,66.67,0.00
260.61,69.70,0.00
260.61,72.73,0.00
260.61,75.76,0.00
260.61,78.79,0.00
260.61,81.82,0.00
260.61,84.85,0.00
260.61,87.88,0.00
260.61,90.91,0.00
260.61,93.94,0.00
260.61,96.97,0.00
260.61,100.00,0.00
260.61,103.03,0.00
260.61,106.06,0.00
260.61,109.09,0.00
260.61,112.12,0.00
260.61,115.15,0.00
260.61,118.18,0.00
260.61,121.21,0.00
260.61,124.24,0.00
260.61,127.27,0.00
260.61,130.30,0.00
260.61,133.33,0.00
260.61,136.36,0.00
260.61,139.39,0.00
260.61,142.42,0.00
260.61,145.45,0.00
260.61,148.48,0.00
260.61,151.52,0.00
260.61,154.55,0.00
260.61,157.58,0.00
260.61,160.61,0.00
260.61,163.64,0.00
260.61,166.67,0.00
260.61,169.70,0.00
260.61,172.73,0.00
260.61,175.76,0.00
260.61,178.79,0.00
260.61,181.82,0.00
260.61,184.85,0.00
260.61,187.88,0.00
260.61,190.91,0.00
260.61,193.94,0.00
260.61,196.97,0.00
260.61,200.00,0.00
260.61,203.03,0.00
260.61,206.06,0.00
260.61,209.09,0.00
260.61,212.12,0.00
260.61,215.15,0.00
260.61,218.18,0.00
260.61,221.21,0.00
260.61,224.24,0.00
260.61,227.27,0.00
260.61,230.30,0.00
260.61,233.33,0.00
260.61,236.36,0.00
260.61,239.39,0.00
260.61,242.42,0.00
260.61,245.45,0.00
260.61,248.48,0.00
260.61,251.52,0.00
260.61,254.55,0.00
260.61,257.58,0.00
260.61,260.61,0.00
260.61,263.64,0.00
260.61,266.67,0.00
260.61,269.70,0.00
260.61,272.73,0.00
260.61,275.76,0.00
260.61,278.79,0.00
260.61,281.82,0.00
260.61,284.85,0.00
260.61,287.88,0.00
260.61,290.91,0.00
260.61,293.94,0.00
260.61,296.97,0.00
260.61,300.00,0.00
263.64,0.00,0.00
263.64,3.03,0.00
263.64,6.06,0.00
263.64,9.09,0.00
263.64,12.12,0.00
263.64,15.15,0.00
263.64,18.18,0.00
263.64,21.21,0.00
263.64,24.24,0.00
263.64,27.27,0.00
263.64,30.30,0.00
263.64,33.33,0.00
263.64,36.36,0.00
263.64,39.39,0.00
263.64,42.42,0.00
263.64,45.45,0.00
263.64,48.48,0.00
263.64,51.52,0.00
263.64,54.55,0.00
263.64,57.58,0.00
263.64,60.61,0.00
263.64,63.64,0.00
263.64,66.67,0.00
263.64,69.70,0.00
263.64,72.73,0.00
263.64,75.76,0.00
263.64,78.79,0.00
263.64,81.82,0.00
263.64,84.85,0.00
263.64,87.88,0.00
263.64,90.91,0.00
263.64,93.94,0.00
263.64,96.97,0.00
263.64,100.00,0.00
263.64,103.03,0.00
263.64,106.06,0.00
263.64,109.09,0.00
263.64,112.12,0.00
263.64,115.15,0.00
263.64,118.18,0.00
263.64,121.21,0.00
263.64,124.24,0.00
263.64,127.27,0.00
263.64,130.30,0.00
263.64,133.33,0.00
263.64,136.36,0.00
263.64,139.39,0.00
263.64,142.42,0.00
263.64,145.45,0.00
263.64,148.48,0.00
263.64,151.52,0.00
263.64,154.55,0.00
263.64,157.58,0.00
263.64,160.61,0.00
263.64,163.64,0.00
263.64,166.67,0.00
263.64,169.70,0.00
263.64,172.73,0.00
263.64,175.76,0.00
263.64,178.79,0.00
263.64,181.82,0.00
263.64,184.85,0.00
263.64,187.88,0.00
263.64,190.91,0.00
263.64,193.94,0.00
263.64,196.97,0.00
263.64,200.00,0.00
263.64,203.03,0.00
263.64,206.06,0.00
263.64,209.09,0.00
263.64,212.12,0.00
263.64,215.15,0.00
263.64,218.18,0.00
263.64,221.21,0.00
263.64,224.24,0.00
263.64,227.27,0.00
263.64,230.30,0.00
263.64,233.33,0.00
263.64,236.36,0.00
263.64,239.39,0.00
263.64,242.42,0.00
263.64,245.45,0.00
263.64,248.48,0.00
263.64,251.52,0.00
263.64,254.55,0.00
263.64,257.58,0.00
263.64,260.61,0.00
263.64,263.64,0.00
263.64,266.67,0.00
263.64,269.70,0.00
263.64,272.73,0.00
263.64,275.76,0.00
263.64,278.79,0.00
263.64,281.82,0.00
263.64,284.85,0.00
263.64,287.88,0.00
263.64,290.91,0.00
263.64,293.94,0.00
263.64,296.97,0.00
263.64,300.00,0.00
266.67,0.00,0.00
266.67,3.03,0.00
266.67,6.06,0.00
266.67,9.09,0.00
266.67,12.12,0.00
266.67,15.15,0.00
266.67,18.18,0.00
266.67,21.21,0.00
266.67,24.24,0.00
266.67,27.27,0.00
266.67,30.30,0.00
266.67,33.33,0.00
266.67,36.36,0.00
266.67,39.39,0.00
266.67,42.42,0.00
266.67,45.45,0.00
266.67,48.48,0.00
266.67,51.52,0.00
266.67,54.55,0.00
266.67,57.58,0.00
266.67,60.61,0.00
266.67,63.64,0.00
266.67,66.67,0.00
266.67,69.70,0.00
266.67,72.73,0.00
266.67,75.76,0.00
266.67,78.79,0.00
266.67,81.82,0.00
266.67,84.85,0.00
266.67,87.88,0.00
266.67,90.91,0.00
266.67,93.94,0.00
266.67,96.97,0.00
266.67,100.00,0.00
266.67,103.03,0.00
266.67,106.06,0.00
266.67,109.09,0.00
266.67,112.12,0.00
266.67,115.15,0.00
266.67,118.18,0.00
266.67,121.21,0.00
266.67,124.24,0.00
266.67,127.27,0.00
266.67,130.30,0.00
266.67,133.33,0.00
266.67,136.36,0.00
266.67,139.39,0.00
266.67,142.42,0.00
266.67,145.45,0.00
266.67,148.48,0.00
266.67,151.52,0.00
266.67,154.55,0.00
266.67,157.58,0.00
266.67,160.61,0.00
266.67,163.64,0.00
266.67,166.67,0.00
266.67,169.70,0.00
266.67,172.73,0.00
266.67,175.76,0.00
266.67,178.79,0.00
266.67,181.82,0.00
266.67,184.85,0.00
266.67,187.88,0.00
266.67,190.91,0.00
266.67,193.94,0.00
266.67,196.97,0.00
266.67,200.00,0.00
266.67,203.03,0.00
266.67,206.06,0.00
266.67,209.09,0.00
266.67,212.12,0.00
266.67,215.15,0.00
266.67,218.18,0.00
266.67,221.21,0.00
266.67,224.24,0.00
266.67,227.27,0.00
266.67,230.30,0.00
266.67,233.33,0.00
266.67,236.36,0.00
266.67,239.39,0.00
266.67,242.42,0.00
266.67,245.45,0.00
266.67,248.48,0.00
266.67,251.52,0.00
266.67,254.55,0.00
266.67,257.58,0.00
266.67,260.61,0.00
266.67,263.64,0.00
266.67,266.67,0.00
266.67,269.70,0.00
266.67,272.73,0.00
266.67,275.76,0.00
266.67,278.79,0.00
266.67,281.82,0.00
266.67,284.85,0.00
266.67,287.88,0.00
266.67,290.91,0.00
266.67,293.94,0.00
266.67,296.97,0.00
266.67,300.00,0.00
269.70,0.00,0.00
269.70,3.03,0.00
269.70,6.06,0.00
269.70,9.09,0.00
269.70,12.12,0.00
269.70,15.15,0.00
269.70,18.18,0.00
269.70,21.21,0.00
269.70,24.24,0.00
269.70,27.27,0.00
269.70,30.30,0.00
269.70,33.33,0.00
269.70,36.36,0.00
269.70,39.39,0.00
269.70,42.42,0.00
269.70,45.45,0.00
269.70,48.48,0.00
269.70,51.52,0.00
269.70,54.55,0.00
269.70,57.58,0.00
269.70,60.61,0.00
269.70,63.64,0.00
269.70,66.67,0.00
269.70,69.70,0.00
269.70,72.73,0.00
269.70,75.76,0.00
269.70,78.79,0.00
269.70,81.82,0.00
269.70,84.85,0.00
269.70,87.88,0.00
269.70,90.91,0.00
269.70,93.94,0.00
269.70,96.97,0.00
269.70,100.00,0.00
269.70,103.03,0.00
269.70,106.06,0.00
269.70,109.09,0.00
269.70,112.12,0.00
269.70,115.15,0.00
269.70,118.18,0.00
269.70,121.21,0.00
269.70,124.24,0.00
269.70,127.27,0.00
269.70,130.30,0.00
269.70,133.33,0.00
269.70,136.36,0.00
269.70,139.39,0.00
269.70,142.42,0.00
269.70,145.45,0.00
269.70,148.48,0.00
269.70,151.52,0.00
269.70,154.55,0.00
269.70,157.58,0.00
269.70,160.61,0.00
269.70,163.64,0.00
269.70,166.67,0.00
269.70,169.70,0.00
269.70,172.73,0.00
269.70,175.76,0.00
269.70,178.79,0.00
269.70,181.82,0.00
269.70,184.85,0.00
269.70,187.88,0.00
269.70,190.91,0.00
269.70,193.94,0.00
269.70,196.97,0.00
269.70,200.00,0.00
269.70,203.03,0.00
269.70,206.06,0.00
269.70,209.09,0.00
269.70,212.12,0.00
269.70,215.15,0.00
269.70,218.18,0.00
269.70,221.21,0.00
269.70,224.24,0.00
269.70,227.27,0.00
269.70,230.30,0.00
269.70,233.33,0.00
269.70,236.36,0.00
269.70,239.39,0.00
269.70,242.42,0.00
269.70,245.45,0.00
269.70,248.48,0.00
269.70,251.52,0.00
269.70,254.55,0.00
269.70,257.58,0.00
269.70,260.61,0.00
269.70,263.64,0.00
269.70,266.67,0.00
269.70,269.70,0.00
269.70,272.73,0.00
269.70,275.76,0.00
269.70,278.79,0.00
269.70,281.82,0.00
269.70,284.85,0.00
269.70,287.88,0.00
269.70,290.91,0.00
269.70,293.94,0.00
269.70,296.97,0.00
269.70,300.00,0.00
272.73,0.00,0.00
272.73,3.03,0.00
272.73,6.06,0.00
272.73,9.09,0.00
272.73,12.12,0.00
272.73,15.15,0.00
272.73,18.18,0.00
272.73,21.21,0.00
272.73,24.24,0.00
272.73,27.27,0.00
272.73,30.30,0.00
272.73,33.33,0.00
272.73,36.36,0.00
272.73,39.39,0.00
272.73,42.42,0.00
272.73,45.45,0.00
272.73,48.48,0.00
272.73,51.52,0.00
272.73,54.55,0.00
272.73,57.58,0.00
272.73,60.61,0.00
272.73,63.64,0.00
272.73,66.67,0.00
272.73,69.70,0.00
272.73,72.73,0.00
272.73,75.76,0.00
272.73,78.79,0.00
272.73,81.82,0.00
272.73,84.85,0.00
272.73,87.88,0.00
272.73,90.91,0.00
272.73,93.94,0.00
272.73,96.97,0.00
272.73,100.00,0.00
272.73,103.03,0.00
272.73,106.06,0.00
272.73,109.09,0.00
272.73,112.12,0.00
272.73,115.15,0.00
272.73,118.18,0.00
272.73,121.21,0.00
272.73,124.24,0.00
272.73,127.27,0.00
272.73,130.30,0.00
272.73,133.33,0.00
272.73,136.36,0.00
272.73,139.39,0.00
272.73,142.42,0.00
272.73,145.45,0.00
272.73,148.48,0.00
272.73,151.52,0.00
272.73,154.55,0.00
272.73,157.58,0.00
272.73,160.61,0.00
272.73,163.64,0.00
272.73,166.67,0.00
272.73,169.70,0.00
272.73,172.73,0.00
272.73,175.76,0.00
272.73,178.79,0.00
272.73,181.82,0.00
272.73,184.85,0.00
272.73,187.88,0.00
272.73,190.91,0.00
272.73,193.94,0.00
272.73,196.97,0.00
272.73,200.00,0.00
272.73,203.03,0.00
272.73,206.06,0.00
272.73,209.09,0.00
272.73,212.12,0.00
272.73,215.15,0.00
272.73,218.18,0.00
272.73,221.21,0.00
272.73,224.24,0.00
272.73,227.27,0.00
272.73,230.30,0.00
272.73,233.33,0.00
272.73,236.36,0.00
272.73,239.39,0.00
272.73,242.42,0.00
272.73,245.45,0.00
272.73,248.48,0.00
272.73,251.52,0.00
272.73,254.55,0.00
272.73,257.58,0.00
272.73,260.61,0.00
272.73,263.64,0.00
272.73,266.67,0.00
272.73,269.70,0.00
272.73,272.73,0.00
272.73,275.76,0.00
272.73,278.79,0.00
272.73,281.82,0.00
272.73,284.85,0.00
272.73,287.88,0.00
272.73,290.91,0.00
272.73,293.94,0.00
272.73,296.97,0.00
272.73,300.00,0.00
275.76,0.00,0.00
275.76,3.03,0.00
275.76,6.06,0.00
275.76,9.09,0.00
275.76,12.12,0.00
275.76,15.15,0.00
275.76,18.18,0.00
275.76,21.21,0.00
275.76,24.24,0.00
275.76,27.27,0.00
275.76,30.30,0.00
275.76,33.33,0.00
275.76,36.36,0.00
275.76,39.39,0.00
275.76,42.42,0.00
275.76,45.45,0.00
275.76,48.48,0.00
275.76,51.52,0.00
275.76,54.55,0.00
275.76,57.58,0.00
275.76,60.61,0.00
275.76,63.64,0.00
275.76,66.67,0.00
275.76,69.70,0.00
275.76,72.73,0.00
275.76,75.76,0.00
275.76,78.79,0.00
275.76,81.82,0.00
275.76,84.85,0.00
275.76,87.88,0.00
275.76,90.91,0.00
275.76,93.94,0.00
275.76,96.97,0.00
275.76,100.00,0.00
275.76,103.03,0.00
275.76,106.06,0.00
275.76,109.09,0.00
275.76,112.12,0.00
275.76,115.15,0.00
275.76,118.18,0.00
275.76,121.21,0.00
275.76,124.24,0.00
275.76,127.27,0.00
275.76,130.30,0.00
275.76,133.33,0.00
275.76,136.36,0.00
275.76,139.39,0.00
275.76,142.42,0.00
275.76,145.45,0.00
275.76,148.48,0.00
275.76,151.52,0.00
275.76,154.55,0.00
275.76,157.58,0.00
275.76,160.61,0.00
275.76,163.64,0.00
275.76,166.67,0.00
275.76,169.70,0.00
275.76,172.73,0.00
275.76,175.76,0.00
275.76,178.79,0.00
275.76,181.82,0.00
275.76,184.85,0.00
275.76,187.88,0.00
275.76,190.91,0.00
275.76,193.94,0.00
275.76,196.97,0.00
275.76,200.00,0.00
275.76,203.03,0.00
275.76,206.06,0.00
275.76,209.09,0.00
275.76,212.12,0.00
275.76,215.15,0.00
275.76,218.18,0.00
275.76,221.21,0.00
275.76,224.24,0.00
275.76,227.27,0.00
275.76,230.30,0.00
275.76,233.33,0.00
275.76,236.36,0.00
275.76,239.39,0.00
275.76,242.42,0.00
275.76,245.45,0.00
275.76,248.48,0.00
275.76,251.52,0.00
275.76,254.55,0.00
275.76,257.58,0.00
275.76,260.61,0.00
275.76,263.64,0.00
275.76,266.67,0.00
275.76,269.70,0.00
275.76,272.73,0.00
275.76,275.76,0.00
275.76,278.79,0.00
275.76,281.82,0.00
275.76,284.85,0.00
275.76,287.88,0.00
275.76,290.91,0.00
275.76,293.94,0.00
275.76,296.97,0.00
275.76,300.00,0.00
278.79,0.00,0.00
278.79,3.03,0.00
278.79,6.06,0.00
278.79,9.09,0.00
278.79,12.12,0.00
278.79,15.15,0.00
278.79,18.18,0.00
278.79,21.21,0.00
278.79,24.24,0.00
278.79,27.27,0.00
278.79,30.30,0.00
278.79,33.33,0.00
278.79,36.36,0.00
278.79,39.39,0.00
278.79,42.42,0.00
278.79,45.45,0.00
278.79,48.48,0.00
278.79,51.52,0.00
278.79,54.55,0.00
278.79,57.58,0.00
278.79,60.61,0.00
278.79,63.64,0.00
278.79,66.67,0.00
278.79,69.70,0.00
278.79,72.73,0.00
278.79,75.76,0.00
278.79,78.79,0.00
278.79,81.82,0.00
278.79,84.85,0.00
278.79,87.88,0.00
278.79,90.91,0.00
278.79,93.94,0.00
278.79,96.97,0.00
278.79,100.00,0.00
278.79,103.03,0.00
278.79,106.06,0.00
278.79,109.09,0.00
278.79,112.12,0.00
278.79,115.15,0.00
278.79,118.18,0.00
278.79,121.21,0.00
278.79,124.24,0.00
278.79,127.27,0.00
278.79,130.30,0.00
278.79,133.33,0.00
278.79,136.36,0.00
278.79,139.39,0.00
278.79,142.42,0.00
278.79,145.45,0.00
278.79,148.48,0.00
278.79,151.52,0.00
278.79,154.55,0.00
278.79,157.58,0.00
278.79,160.61,0.00
278.79,163.64,0.00
278.79,166.67,0.00
278.79,169.70,0.00
278.79,172.73,0.00
278.79,175.76,0.00
278.79,178.79,0.00
278.79,181.82,0.00
278.79,184.85,0.00
278.79,187.88,0.00
278.79,190.91,0.00
278.79,193.94,0.00
278.79,196.97,0.00
278.79,200.00,0.00
278.79,203.03,0.00
278.79,206.06,0.00
278.79,209.09,0.00
278.79,212.12,0.00
278.79,215.15,0.00
278.79,218.18,0.00
278.79,221.21,0.00
278.79,224.24,0.00
278.79,227.27,0.00
278.79,230.30,0.00
278.79,233.33,0.00
278.79,236.36,0.00
278.79,239.39,0.00
278.79,242.42,0.00
278.79,245.45,0.00
278.79,248.48,0.00
278.79,251.52,0.00
278.79,254.55,0.00
278.79,257.58,0.00
278.79,260.61,0.00
278.79,263.64,0.00
278.79,266.67,0.00
278.79,269.70,0.00
278.79,272.73,0.00
278.79,275.76,0.00
278.79,278.79,0.00
278.79,281.82,0.00
278.79,284.85,0.00
278.79,287.88,0.00
278.79,290.91,0.00
278.79,293.94,0.00
278.79,296.97,0.00
278.79,300.00,0.00
281.82,0.00,0.00
281.82,3.03,0.00
281.82,6.06,0.00
281.82,9.09,0.00
281.82,12.12,0.00
281.82,15.15,0.00
281.82,18.18,0.00
281.82,21.21,0.00
281.82,24.24,0.00
281.82,27.27,0.00
281.82,30.30,0.00
281.82,33.33,0.00
281.82,36.36,0.00
281.82,39.39,0.00
281.82,42.42,0.00
281.82,45.45,0.00
281.82,48.48,0.00
281.82,51.52,0.00
281.82,54.55,0.00
281.82,57.58,0.00
281.82,60.61,0.00
281.82,63.64,0.00
281.82,66.67,0.00
281.82,69.70,0.00
281.82,72.73,0.00
281.82,75.76,0.00
281.82,78.79,0.00
281.82,81.82,0.00
281.82,84.85,0.00
281.82,87.88,0.00
281.82,90.91,0.00
281.82,93.94,0.00
281.82,96.97,0.00
281.82,100.00,0.00
281.82,103.03,0.00
281.82,106.06,0.00
281.82,109.09,0.00
281.82,112.12,0.00
281.82,115.15,0.00
281.82,118.18,0.00
281.82,121.21,0.00
281.82,124.24,0.00
281.82,127.27,0.00
281.82,130.30,0.00
281.82,133.33,0.00
281.82,136.36,0.00
281.82,139.39,0.00
281.82,142.42,0.00
281.82,145.45,0.00
281.82,148.48,0.00
281.82,151.52,0.00
281.82,154.55,0.00
281.82,157.58,0.00
281.82,160.61,0.00
281.82,163.64,0.00
281.82,166.67,0.00
281.82,169.70,0.00
281.82,172.73,0.00
281.82,175.76,0.00
281.82,178.79,0.00
281.82,181.82,0.00
281.82,184.85,0.00
281.82,187.88,0.00
281.82,190.91,0.00
281.82,193.94,0.00
281.82,196.97,0.00
281.82,200.00,0.00
281.82,203.03,0.00
281.82,206.06,0.00
281.82,209.09,0.00
281.82,212.12,0.00
281.82,215.15,0.00
281.82,218.18,0.00
281.82,221.21,0.00
281.82,224.24,0.00
281.82,227.27,0.00
281.82,230.30,0.00
281.82,233.33,0.00
281.82,236.36,0.00
281.82,239.39,0.00
281.82,242.42,0.00
281.82,245.45,0.00
281.82,248.48,0.00
281.82,251.52,0.00
281.82,254.55,0.00
281.82,257.58,0.00
281.82,260.61,0.00
281.82,263.64,0.00
281.82,266.67,0.00
281.82,269.70,0.00
281.82,272.73,0.00
281.82,275.76,0.00
281.82,278.79,0.00
281.82,281.82,0.00
281.82,284.85,0.00
281.82,287.88,0.00
281.82,290.91,0.00
281.82,293.94,0.00
281.82,296.97,0.00
281.82,300.00,0.00
284.85,0.00,0.00
284.85,3.03,0.00
284.85,6.06,0.00
284.85,9.09,0.00
284.85,12.12,0.00
284.85,15.15,0.00
284.85,18.18,0.00
284.85,21.21,0.00
284.85,24.24,0.00
284.85,27.27,0.00
284.85,30.30,0.00
284.85,33.33,0.00
284.85,36.36,0.00
284.85,39.39,0.00
284.85,42.42,0.00
284.85,45.45,0.00
284.85,48.48,0.00
284.85,51.52,0.00
284.85,54.55,0.00
284.85,57.58,0.00
284.85,60.61,0.00
284.85,63.64,0.00
284.85,66.67,0.00
284.85,69.70,0.00
284.85,72.73,0.00
284.85,75.76,0.00
284.85,78.79,0.00
284.85,81.82,0.00
284.85,84.85,0.00
284.85,87.88,0.00
284.85,90.91,0.00
284.85,93.94,0.00
284.85,96.97,0.00
284.85,100.00,0.00
284.85,103.03,0.00
284.85,106.06,0.00
284.85,109.09,0.00
284.85,112.12,0.00
284.85,115.15,0.00
284.85,118.18,0.00
284.85,121.21,0.00
284.85,124.24,0.00
284.85,127.27,0.00
284.85,130.30,0.00
284.85,133.33,0.00
284.85,136.36,0.00
284.85,139.39,0.00
284.85,142.42,0.00
284.85,145.45,0.00
284.85,148.48,0.00
284.85,151.52,0.00
284.85,154.55,0.00
284.85,157.58,0.00
284.85,160.61,0.00
284.85,163.64,0.00
284.85,166.67,0.00
284.85,169.70,0.00
284.85,172.73,0.00
284.85,175.76,0.00
284.85,178.79,0.00
284.85,181.82,0.00
284.85,184.85,0.00
284.85,187.88,0.00
284.85,190.91,0.00
284.85,193.94,0.00
284.85,196.97,0.00
284.85,200.00,0.00
284.85,203.03,0.00
284.85,206.06,0.00
284.85,209.09,0.00
284.85,212.12,0.00
284.85,215.15,0.00
284.85,218.18,0.00
284.85,221.21,0.00
284.85,224.24,0.00
284.85,227.27,0.00
284.85,230.30,0.00
284.85,233.33,0.00
284.85,236.36,0.00
284.85,239.39,0.00
284.85,242.42,0.00
284.85,245.45,0.00
284.85,248.48,0.00
284.85,251.52,0.00
284.85,254.55,0.00
284.85,257.58,0.00
284.85,260.61,0.00
284.85,263.64,0.00
284.85,266.67,0.00
284.85,269.70,0.00
284.85,272.73,0.00
284.85,275.76,0.00
284.85,278.79,0.00
284.85,281.82,0.00
284.85,284.85,0.00
284.85,287.88,0.00
284.85,290.91,0.00
284.85,293.94,0.00
284.85,296.97,0.00
284.85,300.00,0.00
287.88,0.00,0.00
287.88,3.03,0.00
287.88,6.06,0.00
287.88,9.09,0.00
287.88,12.12,0.00
287.88,15.15,0.00
287.88,18.18,0.00
287.88,21.21,0.00
287.88,24.24,0.00
287.88,27.27,0.00
287.88,30.30,0.00
287.88,33.33,0.00
287.88,36.36,0.00
287.88,39.39,0.00
287.88,42.42,0.00
287.88,45.45,0.00
287.88,48.48,0.00
287.88,51.52,0.00
287.88,54.55,0.00
287.88,57.58,0.00
287.88,60.61,0.00
287.88,63.64,0.00
287.88,66.67,0.00
287.88,69.70,0.00
287.88,72.73,0.00
287.88,75.76,0.00
287.88,78.79,0.00
287.88,81.82,0.00
287.88,84.85,0.00
287.88,87.88,0.00
287.88,90.91,0.00
287.88,93.94,0.00
287.88,96.97,0.00
287.88,100.00,0.00
287.88,103.03,0.00
287.88,106.06,0.00
287.88,109.09,0.00
287.88,112.12,0.00
287.88,115.15,0.00
287.88,118.18,0.00
287.88,121.21,0.00
287.88,124.24,0.00
287.88,127.27,0.00
287.88,130.30,0.00
287.88,133.33,0.00
287.88,136.36,0.00
287.88,139.39,0.00
287.88,142.42,0.00
287.88,145.45,0.00
287.88,148.48,0.00
287.88,151.52,0.00
287.88,154.55,0.00
287.88,157.58,0.00
287.88,160.61,0.00
287.88,163.64,0.00
287.88,166.67,0.00
287.88,169.70,0.00
287.88,172.73,0.00
287.88,175.76,0.00
287.88,178.79,0.00
287.88,181.82,0.00
287.88,184.85,0.00
287.88,187.88,0.00
287.88,190.91,0.00
287.88,193.94,0.00
287.88,196.97,0.00
287.88,200.00,0.00
287.88,203.03,0.00
287.88,206.06,0.00
287.88,209.09,0.00
287.88,212.12,0.00
287.88,215.15,0.00
287.88,218.18,0.00
287.88,221.21,0.00
287.88,224.24,0.00
287.88,227.27,0.00
287.88,230.30,0.00
287.88,233.33,0.00
287.88,236.36,0.00
287.88,239.39,0.00
287.88,242.42,0.00
287.88,245.45,0.00
287.88,248.48,0.00
287.88,251.52,0.00
287.88,254.55,0.00
287.88,257.58,0.00
287.88,260.61,0.00
287.88,263.64,0.00
287.88,266.67,0.00
287.88,269.70,0.00
287.88,272.73,0.00
287.88,275.76,0.00
287.88,278.79,0.00
287.88,281.82,0.00
287.88,284.85,0.00
287.88,287.88,0.00
287.88,290.91,0.00
287.88,293.94,0.00
287.88,296.97,0.00
287.88,300.00,0.00
290.91,0.00,0.00
290.91,3.03,0.00
290.91,6.06,0.00
290.91,9.09,0.00
290.91,12.12,0.00
290.91,15.15,0.00
290.91,18.18,0.00
290.91,21.21,0.00
290.91,24.24,0.00
290.91,27.27,0.00
290.91,30.30,0.00
290.91,33.33,0.00
290.91,36.36,0.00
290.91,39.39,0.00
290.91,42.42,0.00
290.91,45.45,0.00
290.91,48.48,0.00
290.91,51.52,0.00
290.91,54.55,0.00
290.91,57.58,0.00
290.91,60.61,0.00
290.91,63.64,0.00
290.91,66.67,0.00
290.91,69.70,0.00
290.91,72.73,0.00
290.91,75.76,0.00
290.91,78.79,0.00
290.91,81.82,0.00
290.91,84.85,0.00
290.91,87.88,0.00
290.91,90.91,0.00
290.91,93.94,0.00
290.91,96.97,0.00
290.91,100.00,0.00
290.91,103.03,0.00
290.91,106.06,0.00
290.91,109.09,0.00
290.91,112.12,0.00
290.91,115.15,0.00
290.91,118.18,0.00
290.91,121.21,0.00
290.91,124.24,0.00
290.91,127.27,0.00
290.91,130.30,0.00
290.91,133.33,0.00
290.91,136.36,0.00
290.91,139.39,0.00
290.91,142.42,0.00
290.91,145.45,0.00
290.91,148.48,0.00
290.91,151.52,0.00
290.91,154.55,0.00
290.91,157.58,0.00
290.91,160.61,0.00
290.91,163.64,0.00
290.91,166.67,0.00
290.91,169.70,0.00
290.91,172.73,0.00
290.91,175.76,0.00
290.91,178.79,0.00
290.91,181.82,0.00
290.91,184.85,0.00
290.91,187.88,0.00
290.91,190.91,0.00
290.91,193.94,0.00
290.91,196.97,0.00
290.91,200.00,0.00
290.91,203.03,0.00
290.91,206.06,0.00
290.91,209.09,0.00
290.91,212.12,0.00
290.91,215.15,0.00
290.91,218.18,0.00
290.91,221.21,0.00
290.91,224.24,0.00
290.91,227.27,0.00
290.91,230.30,0.00
290.91,233.33,0.00
290.91,236.36,0.00
290.91,239.39,0.00
290.91,242.42,0.00
290.91,245.45,0.00
290.91,248.48,0.00
290.91,251.52,0.00
290.91,254.55,0.00
290.91,257.58,0.00
290.91,260.61,0.00
290.91,263.64,0.00
290.91,266.67,0.00
290.91,269.70,0.00
290.91,272.73,0.00
290.91,275.76,0.00
290.91,278.79,0.00
290.91,281.82,0.00
290.91,284.85,0.00
290.91,287.88,0.00
290.91,290.91,0.00
290.91,293.94,0.00
290.91,296.97,0.00
290.91,300.00,0.00
293.94,0.00,0.00
293.94,3.03,0.00
293.94,6.06,0.00
293.94,9.09,0.00
293.94,12.12,0.00
293.94,15.15,0.00
293.94,18.18,0.00
293.94,21.21,0.00
293.94,24.24,0.00
293.94,27.27,0.00
293.94,30.30,0.00
293.94,33.33,0.00
293.94,36.36,0.00
293.94,39.39,0.00
293.94,42.42,0.00
293.94,45.45,0.00
293.94,48.48,0.00
293.94,51.52,0.00
293.94,54.55,0.00
293.94,57.58,0.00
293.94,60.61,0.00
293.94,63.64,0.00
293.94,66.67,0.00
293.94,69.70,0.00
293.94,72.73,0.00
293.94,75.76,0.00
293.94,78.79,0.00
293.94,81.82,0.00
293.94,84.85,0.00
293.94,87.88,0.00
293.94,90.91,0.00
293.94,93.94,0.00
293.94,96.97,0.00
293.94,100.00,0.00
293.94,103.03,0.00
293.94,106.06,0.00
293.94,109.09,0.00
293.94,112.12,0.00
293.94,115.15,0.00
293.94,118.18,0.00
293.94,121.21,0.00
293.94,124.24,0.00
293.94,127.27,0.00
293.94,130.30,0.00
293.94,133.33,0.00
293.94,136.36,0.00
293.94,139.39,0.00
293.94,142.42,0.00
293.94,145.45,0.00
293.94,148.48,0.00
293.94,151.52,0.00
293.94,154.55,0.00
293.94,157.58,0.00
293.94,160.61,0.00
293.94,163.64,0.00
293.94,166.67,0.00
293.94,169.70,0.00
293.94,172.73,0.00
293.94,175.76,0.00
293.94,178.79,0.00
293.94,181.82,0.00
293.94,184.85,0.00
293.94,187.88,0.00
293.94,190.91,0.00
293.94,193.94,0.00
293.94,196.97,0.00
293.94,200.00,0.00
293.94,203.03,0.00
293.94,206.06,0.00
293.94,209.09,0.00
293.94,212.12,0.00
293.94,215.15,0.00
293.94,218.18,0.00
293.94,221.21,0.00
293.94,224.24,0.00
293.94,227.27,0.00
293.94,230.30,0.00
293.94,233.33,0.00
293.94,236.36,0.00
293.94,239.39,0.00
293.94,242.42,0.00
293.94,245.45,0.00
293.94,248.48,0.00
293.94,251.52,0.00
293.94,254.55,0.00
293.94,257.58,0.00
293.94,260.61,0.00
293.94,263.64,0.00
293.94,266.67,0.00
293.94,269.70,0.00
293.94,272.73,0.00
293.94,275.76,0.00
293.94,278.79,0.00
293.94,281.82,0.00
293.94,284.85,0.00
293.94,287.88,0.00
293.94,290.91,0.00
293.94,293.94,0.00
293.94,296.97,0.00
293.94,300.00,0.00
296.97,0.00,0.00
296.97,3.03,0.00
296.97,6.06,0.00
296.97,9.09,0.00
296.97,12.12,0.00
296.97,15.15,0.00
296.97,18.18,0.00
296.97,21.21,0.00
296.97,24.24,0.00
296.97,27.27,0.00
296.97,30.30,0.00
296.97,33.33,0.00
296.97,36.36,0.00
296.97,39.39,0.00
296.97,42.42,0.00
296.97,45.45,0.00
296.97,48.48,0.00
296.97,51.52,0.00
296.97,54.55,0.00
296.97,57.58,0.00
296.97,60.61,0.00
296.97,63.64,0.00
296.97,66.67,0.00
296.97,69.70,0.00
296.97,72.73,0.00
296.97,75.76,0.00
296.97,78.79,0.00
296.97,81.82,0.00
296.97,84.85,0.00
296.97,87.88,0.00
296.97,90.91,0.00
296.97,93.94,0.00
296.97,96.97,0.00
296.97,100.00,0.00
296.97,103.03,0.00
296.97,106.06,0.00
296.97,109.09,0.00
296.97,112.12,0.00
296.97,115.15,0.00
296.97,118.18,0.00
296.97,121.21,0.00
296.97,124.24,0.00
296.97,127.27,0.00
296.97,130.30,0.00
296.97,133.33,0.00
296.97,136.36,0.00
296.97,139.39,0.00
296.97,142.42,0.00
296.97,145.45,0.00
296.97,148.48,0.00
296.97,151.52,0.00
296.97,154.55,0.00
296.97,157.58,0.00
296.97,160.61,0.00
296.97,163.64,0.00
296.97,166.67,0.00
296.97,169.70,0.00
296.97,172.73,0.00
296.97,175.76,0.00
296.97,178.79,0.00
296.97,181.82,0.00
296.97,184.85,0.00
296.97,187.88,0.00
296.97,190.91,0.00
296.97,193.94,0.00
296.97,196.97,0.00
296.97,200.00,0.00
296.97,203.03,0.00
296.97,206.06,0.00
296.97,209.09,0.00
296.97,212.12,0.00
296.97,215.15,0.00
296.97,218.18,0.00
296.97,221.21,0.00
296.97,224.24,0.00
296.97,227.27,0.00
296.97,230.30,0.00
296.97,233.33,0.00
296.97,236.36,0.00
296.97,239.39,0.00
296.97,242.42,0.00
296.97,245.45,0.00
296.97,248.48,0.00
296.97,251.52,0.00
296.97,254.55,0.00
296.97,257.58,0.00
296.97,260.61,0.00
296.97,263.64,0.00
296.97,266.67,0.00
296.97,269.70,0.00
296.97,272.73,0.00
296.97,275.76,0.00
296.97,278.79,0.00
296.97,281.82,0.00
296.97,284.85,0.00
296.97,287.88,0.00
296.97,290.91,0.00
296.97,293.94,0.00
296.97,296.97,0.00
296.97,300.00,0.00
300.00,0.00,0.00
300.00,3.03,0.00
300.00,6.06,0.00
300.00,9.09,0.00
300.00,12.12,0.00
300.00,15.15,0.00
300.00,18.18,0.00
300.00,21.21,0.00
300.00,24.24,0.00
300.00,27.27,0.00
300.00,30.30,0.00
300.00,33.33,0.00
300.00,36.36,0.00
300.00,39.39,0.00
300.00,42.42,0.00
300.00,45.45,0.00
300.00,48.48,0.00
300.00,51.52,0.00
300.00,54.55,0.00
300.00,57.58,0.00
300.00,60.61,0.00
300.00,63.64,0.00
300.00,66.67,0.00
300.00,69.70,0.00
300.00,72.73,0.00
300.00,75.76,0.00
300.00,78.79,0.00
300.00,81.82,0.00
300.00,84.85,0.00
300.00,87.88,0.00
300.00,90.91,0.00
300.00,93.94,0.00
300.00,96.97,0.00
300.00,100.00,0.00
300.00,103.03,0.00
300.00,106.06,0.00
300.00,109.09,0.00
300.00,112.12,0.00
300.00,115.15,0.00
300.00,118.18,0.00
300.00,121.21,0.00
300.00,124.24,0.00
300.00,127.27,0.00
300.00,130.30,0.00
300.00,133.33,0.00
300.00,136.36,0.00
300.00,139.39,0.00
300.00,142.42,0.00
300.00,145.45,0.00
300.00,148.48,0.00
300.00,151.52,0.00
300.00,154.55,0.00
300.00,157.58,0.00
300.00,160.61,0.00
300.00,163.64,0.00
300.00,166.67,0.00
300.00,169.70,0.00
300.00,172.73,0.00
300.00,175.76,0.00
300.00,178.79,0.00
300.00,181.82,0.00
300.00,184.85,0.00
300.00,187.88,0.00
300.00,190.91,0.00
300.00,193.94,0.00
300.00,196.97,0.00
300.00,200.00,0.00
300.00,203.03,0.00
300.00,206.06,0.00
300.00,209.09,0.00
300.00,212.12,0.00
300.00,215.15,0.00
300.00,218.18,0.00
300.00,221.21,0.00
300.00,224.24,0.00
300.00,227.27,0.00
300.00,230.30,0.00
300.00,233.33,0.00
300.00,236.36,0.00
300.00,239.39,0.00
300.00,242.42,0.00
300.00,245.45,0.00
300.00,248.48,0.00
300.00,251.52,0.00
300.00,254.55,0.00
300.00,257.58,0.00
300.00,260.61,0.00
300.00,263.64,0.00
300.00,266.67,0.00
300.00,269.70,0.00
300.00,272.73,0.00
300.00,275.76,0.00
300.00,278.79,0.00
300.00,281.82,0.00
300.00,284.85,0.00
300.00,287.88,0.00
300.00,290.91,0.00
300.00,293.94,0.00
300.00,296.97,0.00
300.00,300.00,0.00